RECTYPE,ALPHAIND,LEA,ESTAB,URN,SCHNAME,ADDRESS1,ADDRESS2,ADDRESS3,TOWN,PCODE,TELNUM,PCON_CODE,PCON_NAME,URN_AC,SCHNAME_AC,OPEN_AC,NFTYPE,ICLOSE,RELDENOM,AGERANGE,TAB15,TAB1618,TOTPUPS,TPUPYEAR,TELIG,BELIG,GELIG,PBELIG,PGELIG,TKS1AVERAGE,TKS1GROUP_L,PTKS1GROUP_L,TKS1GROUP_M,PTKS1GROUP_M,TKS1GROUP_H,PTKS1GROUP_H,TKS1GROUP_NA,PTKS1GROUP_NA,TFSM6CLA1A,PTFSM6CLA1A,TNOTFSM6CLA1A,PTNOTFSM6CLA1A,TEALGRP2,PTEALGRP2,TMOBN,PTMOBN,PTRWM_EXP,PTRWM_HIGH,READPROG,READPROG_LOWER,READPROG_UPPER,READCOV,WRITPROG,WRITPROG_LOWER,WRITPROG_UPPER,WRITCOV,MATPROG,MATPROG_LOWER,MATPROG_UPPER,MATCOV,PTREAD_EXP,PTREAD_HIGH,PTREAD_AT,READ_AVERAGE,PTGPS_EXP,PTGPS_HIGH,PTGPS_AT,GPS_AVERAGE,PTMAT_EXP,PTMAT_HIGH,PTMAT_AT,MAT_AVERAGE,PTWRITTA_EXP,PTWRITTA_HIGH,PTWRITTA_WTS,PTWRITTA_AD,PTSCITA_EXP,PTSCITA_AD,PTRWM_EXP_B,PTRWM_EXP_G,PTRWM_EXP_L,PTRWM_EXP_M,PTRWM_EXP_H,PTRWM_EXP_FSM6CLA1A,PTRWM_EXP_NotFSM6CLA1A,DIFFN_RWM_EXP,PTRWM_EXP_EAL,PTRWM_EXP_MOBN,PTRWM_HIGH_B,PTRWM_HIGH_G,PTRWM_HIGH_L,PTRWM_HIGH_M,PTRWM_HIGH_H,PTRWM_HIGH_FSM6CLA1A,PTRWM_HIGH_NotFSM6CLA1A,DIFFN_RWM_HIGH,PTRWM_HIGH_EAL,PTRWM_HIGH_MOBN,READPROG_B,READPROG_B_LOWER,READPROG_B_UPPER,READPROG_G,READPROG_G_LOWER,READPROG_G_UPPER,READPROG_L,READPROG_L_LOWER,READPROG_L_UPPER,READPROG_M,READPROG_M_LOWER,READPROG_M_UPPER,READPROG_H,READPROG_H_LOWER,READPROG_H_UPPER,READPROG_FSM6CLA1A,READPROG_FSM6CLA1A_LOWER,READPROG_FSM6CLA1A_UPPER,READPROG_NotFSM6CLA1A,READPROG_NotFSM6CLA1A_LOWER,READPROG_NotFSM6CLA1A_UPPER,DIFFN_READPROG,READPROG_EAL,READPROG_EAL_LOWER,READPROG_EAL_UPPER,READPROG_MOBN,READPROG_MOBN_LOWER,READPROG_MOBN_UPPER,WRITPROG_B,WRITPROG_B_LOWER,WRITPROG_B_UPPER,WRITPROG_G,WRITPROG_G_LOWER,WRITPROG_G_UPPER,WRITPROG_L,WRITPROG_L_LOWER,WRITPROG_L_UPPER,WRITPROG_M,WRITPROG_M_LOWER,WRITPROG_M_UPPER,WRITPROG_H,WRITPROG_H_LOWER,WRITPROG_H_UPPER,WRITPROG_FSM6CLA1A,WRITPROG_FSM6CLA1A_LOWER,WRITPROG_FSM6CLA1A_UPPER,WRITPROG_NotFSM6CLA1A,WRITPROG_NotFSM6CLA1A_LOWER,WRITPROG_NotFSM6CLA1A_UPPER,DIFFN_WRITPROG,WRITPROG_EAL,WRITPROG_EAL_LOWER,WRITPROG_EAL_UPPER,WRITPROG_MOBN,WRITPROG_MOBN_LOWER,WRITPROG_MOBN_UPPER,MATPROG_B,MATPROG_B_LOWER,MATPROG_B_UPPER,MATPROG_G,MATPROG_G_LOWER,MATPROG_G_UPPER,MATPROG_L,MATPROG_L_LOWER,MATPROG_L_UPPER,MATPROG_M,MATPROG_M_LOWER,MATPROG_M_UPPER,MATPROG_H,MATPROG_H_LOWER,MATPROG_H_UPPER,MATPROG_FSM6CLA1A,MATPROG_FSM6CLA1A_LOWER,MATPROG_FSM6CLA1A_UPPER,MATPROG_NotFSM6CLA1A,MATPROG_NotFSM6CLA1A_LOWER,MATPROG_NotFSM6CLA1A_UPPER,DIFFN_MATPROG,MATPROG_EAL,MATPROG_EAL_LOWER,MATPROG_EAL_UPPER,MATPROG_MOBN,MATPROG_MOBN_LOWER,MATPROG_MOBN_UPPER,READ_AVERAGE_B,READ_AVERAGE_G,READ_AVERAGE_L,READ_AVERAGE_M,READ_AVERAGE_H,READ_AVERAGE_FSM6CLA1A,READ_AVERAGE_NotFSM6CLA1A,READ_AVERAGE_EAL,READ_AVERAGE_MOBN,MAT_AVERAGE_B,MAT_AVERAGE_G,MAT_AVERAGE_L,MAT_AVERAGE_M,MAT_AVERAGE_H,MAT_AVERAGE_FSM6CLA1A,MAT_AVERAGE_NotFSM6CLA1A,MAT_AVERAGE_EAL,MAT_AVERAGE_MOBN,GPS_AVERAGE_B,GPS_AVERAGE_G,GPS_AVERAGE_L,GPS_AVERAGE_M,GPS_AVERAGE_H,GPS_AVERAGE_FSM6CLA1A,GPS_AVERAGE_NotFSM6CLA1A,GPS_AVERAGE_EAL,GPS_AVERAGE_MOBN,PTREAD_EXP_L,PTREAD_EXP_M,PTREAD_EXP_H,PTREAD_EXP_FSM6CLA1A,PTREAD_EXP_NotFSM6CLA1A,PTGPS_EXP_L,PTGPS_EXP_M,PTGPS_EXP_H,PTGPS_EXP_FSM6CLA1A,PTGPS_EXP_NotFSM6CLA1A,PTMAT_EXP_L,PTMAT_EXP_M,PTMAT_EXP_H,PTMAT_EXP_FSM6CLA1A,PTMAT_EXP_NotFSM6CLA1A,PTWRITTA_EXP_L,PTWRITTA_EXP_M,PTWRITTA_EXP_H,PTWRITTA_EXP_FSM6CLA1A,PTWRITTA_EXP_NotFSM6CLA1A,PTREAD_HIGH_L,PTREAD_HIGH_M,PTREAD_HIGH_H,PTREAD_HIGH_FSM6CLA1A,PTREAD_HIGH_NotFSM6CLA1A,PTGPS_HIGH_L,PTGPS_HIGH_M,PTGPS_HIGH_H,PTGPS_HIGH_FSM6CLA1A,PTGPS_HIGH_NotFSM6CLA1A,PTMAT_HIGH_L,PTMAT_HIGH_M,PTMAT_HIGH_H,PTMAT_HIGH_FSM6CLA1A,PTMAT_HIGH_NotFSM6CLA1A,PTWRITTA_HIGH_L,PTWRITTA_HIGH_M,PTWRITTA_HIGH_H,PTWRITTA_HIGH_FSM6CLA1A,PTWRITTA_HIGH_NotFSM6CLA1A,TEALGRP1,PTEALGRP1,TEALGRP3,PTEALGRP3,TSENELE,PSENELE,TSENELK,PSENELK,TSENELEK,PSENELEK,TELIG_24,PTFSM6CLA1A_24,PTNOTFSM6CLA1A_24,PTRWM_EXP_24,PTRWM_HIGH_24,PTRWM_EXP_FSM6CLA1A_24,PTRWM_HIGH_FSM6CLA1A_24,PTRWM_EXP_NotFSM6CLA1A_24,PTRWM_HIGH_NotFSM6CLA1A_24,READPROG_24,READPROG_LOWER_24,READPROG_UPPER_24,WRITPROG_24,WRITPROG_LOWER_24,WRITPROG_UPPER_24,MATPROG_24,MATPROG_LOWER_24,MATPROG_UPPER_24,READ_AVERAGE_24,MAT_AVERAGE_24,TELIG_23,PTFSM6CLA1A_23,PTNOTFSM6CLA1A_23,PTRWM_EXP_23,PTRWM_HIGH_23,PTRWM_EXP_FSM6CLA1A_23,PTRWM_HIGH_FSM6CLA1A_23,PTRWM_EXP_NotFSM6CLA1A_23,PTRWM_HIGH_NotFSM6CLA1A_23,READPROG_23,READPROG_LOWER_23,READPROG_UPPER_23,WRITPROG_23,WRITPROG_LOWER_23,WRITPROG_UPPER_23,MATPROG_23,MATPROG_LOWER_23,MATPROG_UPPER_23,READ_AVERAGE_23,MAT_AVERAGE_23,TELIG_3YR,PTRWM_EXP_3YR,PTRWM_HIGH_3YR,READ_AVERAGE_3YR,MAT_AVERAGE_3YR,READPROG_UNADJUSTED,WRITPROG_UNADJUSTED,MATPROG_UNADJUSTED,READPROG_DESCR,WRITPROG_DESCR,MATPROG_DESCR
1,3048,873,2200,145425,Bottisham Community Primary School,Beechwood Avenue,Bottisham,,Cambridge,CB25 9BE,01223811235,E14001224,Ely and East Cambridgeshire,0,,,ACC,0,Does not apply,3-11,0,0,273,41,43,26,17,60%,40%,,,,,,,,,,12,28%,31,72%,8,19%,37,86%,72%,19%,,,,,,,,,,,,,79%,37%,0%,107,77%,33%,0%,107,81%,35%,0%,106,72%,21%,16%,0%,79%,0%,62%,88%,,,,50%,81%,-19,88%,76%,12%,29%,,,,8%,23%,-3,38%,22%,,,,,,,,,,,,,,,,,,,,,,,,,,,,,,,,,,,,,,,,,,,,,,,,,,,,,,,,,,,,,,,,,,,,,,,,,,,,,,,,,,,,,106,109,,,,103,109,107,108,106,107,,,,102,108,107,107,105,110,,,,104,108,110,107,,,,50%,90%,,,,58%,84%,,,,58%,90%,,,,50%,81%,,,,17%,45%,,,,17%,39%,,,,17%,42%,,,,8%,26%,35,81%,0,0%,2,5%,6,14%,8,19%,45,18%,82%,69%,7%,50%,0%,73%,8%,,,,,,,,,,108,106,45,22%,78%,51%,9%,30%,10%,57%,9%,-0.2,-2.1,1.6,-1.9,-3.7,-0.1,1.1,-0.7,2.8,105,104,133,64%,11%,107,105
1,31694,873,2232,110698,Westfield Junior School,Ramsey Road,,,St Ives,PE27 5RG,01480375005,E14001298,Huntingdon,0,,,CY,0,Does not apply,7-11,0,0,234,59,58,30,28,52%,48%,,,,,,,,,,17,29%,41,71%,26,45%,54,93%,48%,5%,,,,,,,,,,,,,67%,21%,0%,104,55%,19%,0%,103,66%,12%,0%,102,55%,7%,36%,0%,52%,0%,47%,50%,,,,53%,46%,-16,50%,50%,7%,4%,,,,0%,7%,-11,0%,6%,,,,,,,,,,,,,,,,,,,,,,,,,,,,,,,,,,,,,,,,,,,,,,,,,,,,,,,,,,,,,,,,,,,,,,,,,,,,,,,,,,,,,105,103,,,,102,105,104,104,104,100,,,,100,103,102,102,103,103,,,,101,104,102,103,,,,71%,66%,,,,47%,59%,,,,71%,63%,,,,59%,54%,,,,12%,24%,,,,12%,22%,,,,6%,15%,,,,0%,10%,32,55%,0,0%,4,7%,8,14%,12,21%,72,18%,82%,46%,0%,38%,0%,47%,0%,,,,,,,,,,104,103,85,25%,75%,46%,8%,10%,0%,58%,11%,-1.1,-2.5,0.3,-2.0,-3.3,-0.7,-3.3,-4.6,-2.0,105,102,215,47%,5%,104,102
1,20760,873,2239,110702,Priory Junior School,Longsands Road,,,St Neots,PE19 1TF,01480226730,E14001512,St Neots and Mid Cambridgeshire,0,,,CY,0,Does not apply,7-11,0,0,299,69,66,40,26,61%,39%,,,,,,,,,,19,29%,47,71%,4,6%,59,89%,45%,2%,,,,,,,,,,,,,67%,15%,2%,102,67%,14%,2%,102,59%,11%,2%,102,58%,2%,33%,0%,71%,0%,33%,65%,,,,16%,57%,-53,SUPP,46%,0%,4%,,,,0%,2%,-11,SUPP,2%,,,,,,,,,,,,,,,,,,,,,,,,,,,,,,,,,,,,,,,,,,,,,,,,,,,,,,,,,,,,,,,,,,,,,,,,,,,,,,,,,,,,,98,106,,,,97,103,SUPP,102,101,103,,,,99,103,SUPP,102,100,107,,,,98,104,SUPP,103,,,,37%,79%,,,,42%,77%,,,,32%,70%,,,,32%,68%,,,,0%,21%,,,,0%,19%,,,,11%,11%,,,,0%,2%,61,92%,1,2%,3,5%,10,15%,13,20%,75,25%,75%,39%,1%,32%,5%,41%,0%,,,,,,,,,,102,102,88,28%,72%,47%,6%,32%,8%,52%,5%,-2.4,-3.7,-1.1,-3.5,-4.8,-2.2,-4.8,-6.1,-3.6,104,100,229,44%,3%,103,101
1,16946,873,2257,138595,Middlefield Primary Academy,Andrew Road,Eynesbury,,St Neots,PE19 2QE,01480375270,E14001512,St Neots and Mid Cambridgeshire,0,,,ACC,0,Does not apply,5-11,0,0,215,31,31,20,11,65%,35%,,,,,,,,,,6,19%,25,81%,4,13%,30,97%,61%,3%,,,,,,,,,,,,,84%,35%,0%,106,74%,29%,0%,104,68%,10%,0%,102,74%,19%,16%,0%,84%,0%,50%,82%,,,,50%,64%,-19,SUPP,63%,5%,0%,,,,0%,4%,-11,SUPP,3%,,,,,,,,,,,,,,,,,,,,,,,,,,,,,,,,,,,,,,,,,,,,,,,,,,,,,,,,,,,,,,,,,,,,,,,,,,,,,,,,,,,,,104,109,,,,104,106,SUPP,106,101,104,,,,104,102,SUPP,103,103,106,,,,102,104,SUPP,104,,,,83%,84%,,,,67%,76%,,,,83%,64%,,,,50%,80%,,,,17%,40%,,,,17%,32%,,,,0%,12%,,,,0%,24%,27,87%,0,0%,2,6%,3,10%,5,16%,29,28%,72%,72%,0%,50%,0%,81%,0%,,,,,,,,,,107,104,30,20%,80%,50%,7%,50%,0%,50%,8%,1.1,-1.3,3.6,0.9,-1.4,3.3,-1.5,-3.8,0.8,104,101,90,61%,3%,105,102
1,15494,873,2293,110733,Little Paxton Primary School,Gordon Road,Little Paxton,Little Paxton Primary School,St. Neots,PE19 6NG,01480375600,E14001512,St Neots and Mid Cambridgeshire,0,,,CY,0,Does not apply,4-11,0,0,293,47,47,26,21,55%,45%,,,,,,,,,,14,30%,33,70%,1,2%,43,91%,28%,0%,,,,,,,,,,,,,74%,32%,0%,105,68%,19%,0%,103,66%,15%,0%,103,28%,0%,36%,4%,81%,4%,23%,33%,,,,7%,36%,-62,SUPP,28%,0%,0%,,,,0%,0%,-11,SUPP,0%,,,,,,,,,,,,,,,,,,,,,,,,,,,,,,,,,,,,,,,,,,,,,,,,,,,,,,,,,,,,,,,,,,,,,,,,,,,,,,,,,,,,,105,105,,,,101,107,SUPP,105,103,102,,,,97,105,SUPP,102,102,104,,,,98,105,SUPP,102,,,,57%,82%,,,,36%,82%,,,,43%,76%,,,,7%,36%,,,,21%,36%,,,,0%,27%,,,,0%,21%,,,,0%,0%,46,98%,0,0%,2,4%,13,28%,15,32%,53,17%,83%,42%,9%,22%,0%,45%,11%,,,,,,,,,,104,102,49,27%,73%,63%,6%,38%,0%,72%,8%,-1.5,-3.3,0.2,-1.9,-3.6,-0.2,-1.4,-3.0,0.3,105,103,149,44%,5%,105,103
1,12316,873,2318,139087,Histon and Impington Brook Primary School,The Green,Histon,,Cambridge,CB24 9JA,01223712192,E14001512,St Neots and Mid Cambridgeshire,0,,,ACC,0,Does not apply,4-11,0,0,376,58,58,33,25,57%,43%,,,,,,,,,,6,10%,52,90%,4,7%,57,98%,90%,24%,,,,,,,,,,,,,95%,71%,0%,111,98%,57%,0%,111,97%,64%,0%,111,95%,28%,5%,0%,98%,0%,85%,96%,,,,67%,92%,-2,SUPP,91%,9%,44%,,,,0%,27%,-11,SUPP,25%,,,,,,,,,,,,,,,,,,,,,,,,,,,,,,,,,,,,,,,,,,,,,,,,,,,,,,,,,,,,,,,,,,,,,,,,,,,,,,,,,,,,,110,114,,,,113,111,SUPP,112,111,111,,,,107,111,SUPP,111,110,113,,,,108,111,SUPP,111,,,,100%,94%,,,,100%,98%,,,,83%,98%,,,,83%,96%,,,,67%,71%,,,,33%,60%,,,,33%,67%,,,,17%,29%,54,93%,0,0%,0,0%,6,10%,6,10%,119,13%,87%,90%,18%,47%,0%,96%,21%,,,,,,,,,,109,109,118,14%,86%,82%,22%,35%,0%,90%,26%,4.3,3.1,5.5,1.1,-0.1,2.2,3.3,2.2,4.5,111,109,295,87%,21%,111,110
1,29224,873,2443,110772,Stukeley Meadows Primary School,Wertheim Way,,,Huntingdon,PE29 6UH,01480398060,E14001298,Huntingdon,0,,,CY,0,Does not apply,5-11,0,0,386,62,61,28,33,46%,54%,,,,,,,,,,12,20%,49,80%,18,30%,59,97%,38%,2%,,,,,,,,,,,,,72%,34%,0%,104,72%,31%,3%,105,57%,26%,0%,102,52%,3%,33%,0%,77%,0%,36%,39%,,,,17%,43%,-52,44%,39%,0%,3%,,,,0%,2%,-11,6%,2%,,,,,,,,,,,,,,,,,,,,,,,,,,,,,,,,,,,,,,,,,,,,,,,,,,,,,,,,,,,,,,,,,,,,,,,,,,,,,,,,,,,,,105,104,,,,102,105,104,104,105,100,,,,97,104,104,103,104,106,,,,102,106,106,105,,,,50%,78%,,,,42%,80%,,,,33%,63%,,,,33%,57%,,,,17%,39%,,,,17%,35%,,,,8%,31%,,,,0%,4%,43,70%,0,0%,4,7%,7,11%,11,18%,59,15%,85%,51%,0%,33%,0%,54%,0%,,,,,,,,,,107,105,59,20%,80%,51%,3%,25%,0%,57%,4%,2.4,0.7,4.0,-3.7,-5.3,-2.1,1.1,-0.4,2.7,106,105,179,46%,2%,106,104
1,6760,873,5204,136339,Crosshall Junior School,Great North Road,Eaton Ford,,St Neots,PE19 7GG,01480475972,E14001512,St Neots and Mid Cambridgeshire,0,,,ACC,0,None,7-11,0,0,371,102,100,54,46,54%,46%,,,,,,,,,,21,21%,79,79%,15,15%,96,96%,75%,13%,,,,,,,,,,,,,81%,34%,0%,107,83%,32%,0%,106,82%,36%,0%,106,84%,15%,10%,0%,82%,0%,72%,78%,,,,67%,77%,-2,87%,77%,7%,20%,,,,0%,16%,-11,20%,14%,,,,,,,,,,,,,,,,,,,,,,,,,,,,,,,,,,,,,,,,,,,,,,,,,,,,,,,,,,,,,,,,,,,,,,,,,,,,,,,,,,,,,106,108,,,,104,107,107,107,106,106,,,,102,107,108,106,106,108,,,,103,107,108,107,,,,67%,85%,,,,76%,85%,,,,67%,86%,,,,71%,87%,,,,19%,38%,,,,19%,35%,,,,19%,41%,,,,0%,19%,85,85%,0,0%,4,4%,17,17%,21,21%,93,13%,87%,68%,9%,67%,0%,68%,10%,,,,,,,,,,107,106,117,19%,81%,69%,13%,68%,0%,69%,16%,-0.7,-1.8,0.5,-1.6,-2.7,-0.5,-1.1,-2.2,0.0,107,106,310,71%,12%,107,106
2,16482,873,7008,147661,The Martin Bacon Academy,Stirling Road,,,Northstowe,CB24 1DH,01223340800,E14001512,St Neots and Mid Cambridgeshire,0,,,FS,0,Unknown,3-19,0,0,136,8,8,8,0,100%,0%,,,,,,,,,,3,38%,5,63%,1,13%,6,75%,0%,0%,,,,,,,,,,,,,0%,0%,0%,,0%,0%,0%,,0%,0%,0%,,0%,0%,0%,0%,0%,0%,0%,,,,,SUPP,SUPP,SUPP,SUPP,0%,0%,,,,,SUPP,SUPP,SUPP,SUPP,0%,,,,,,,,,,,,,,,,,,,,,,,,,,,,,,,,,,,,,,,,,,,,,,,,,,,,,,,,,,,,,,,,,,,,,,,,,,,,,,,,,,,,,,,,,,SUPP,SUPP,SUPP,,,,,,,SUPP,SUPP,SUPP,,,,,,,SUPP,SUPP,SUPP,,,,,SUPP,SUPP,,,,SUPP,SUPP,,,,SUPP,SUPP,,,,SUPP,SUPP,,,,SUPP,SUPP,,,,SUPP,SUPP,,,,SUPP,SUPP,,,,SUPP,SUPP,7,88%,0,0%,8,100%,0,0%,8,100%,9,67%,33%,0%,0%,SUPP,SUPP,SUPP,SUPP,,,,,,,,,,,,10,30%,70%,0%,0%,SUPP,SUPP,SUPP,SUPP,-6.1,-10.7,-1.4,-7.7,-12.2,-3.2,-9.2,-13.6,-4.8,,,27,0%,0%
1,4362,873,2004,110603,Caldecote Primary School,Highfields Road,Highfields Caldecote,,Cambridge,CB23 7NX,01954210263,E14001512,St Neots and Mid Cambridgeshire,0,,,CY,0,Does not apply,4-11,0,0,195,33,33,15,18,45%,55%,,,,,,,,,,5,15%,28,85%,6,18%,33,100%,61%,6%,,,,,,,,,,,,,100%,42%,0%,109,91%,61%,0%,110,88%,33%,0%,107,67%,6%,24%,0%,91%,0%,40%,78%,,,,SUPP,SUPP,SUPP,33%,61%,0%,11%,,,,SUPP,SUPP,SUPP,0%,6%,,,,,,,,,,,,,,,,,,,,,,,,,,,,,,,,,,,,,,,,,,,,,,,,,,,,,,,,,,,,,,,,,,,,,,,,,,,,,,,,,,,,,108,110,,,,SUPP,SUPP,107,109,107,107,,,,SUPP,SUPP,108,107,107,112,,,,SUPP,SUPP,114,110,,,,SUPP,SUPP,,,,SUPP,SUPP,,,,SUPP,SUPP,,,,SUPP,SUPP,,,,SUPP,SUPP,,,,SUPP,SUPP,,,,SUPP,SUPP,,,,SUPP,SUPP,27,82%,0,0%,0,0%,5,15%,5,15%,32,16%,84%,88%,22%,SUPP,SUPP,SUPP,SUPP,,,,,,,,,,110,109,31,26%,74%,71%,16%,38%,13%,83%,17%,2.1,-0.3,4.5,2.3,-0.1,4.6,0.9,-1.4,3.2,110,107,96,73%,15%,110,108
1,11256,873,2018,110612,Harston and Newton Community Primary School,High Street,Harston,,Cambridge,CB22 7PX,,E14001481,South Cambridgeshire,151048,Harston and Newton Primary School,20250101,CY,0,Does not apply,4-11,0,0,117,15,16,7,9,44%,56%,,,,,,,,,,3,19%,13,81%,4,25%,14,88%,75%,6%,,,,,,,,,,,,,94%,69%,0%,111,100%,69%,0%,114,100%,69%,0%,110,75%,13%,25%,0%,88%,0%,57%,89%,,,,SUPP,SUPP,SUPP,SUPP,79%,14%,0%,,,,SUPP,SUPP,SUPP,SUPP,7%,,,,,,,,,,,,,,,,,,,,,,,,,,,,,,,,,,,,,,,,,,,,,,,,,,,,,,,,,,,,,,,,,,,,,,,,,,,,,,,,,,,,,109,113,,,,SUPP,SUPP,SUPP,112,111,109,,,,SUPP,SUPP,SUPP,111,113,115,,,,SUPP,SUPP,SUPP,115,,,,SUPP,SUPP,,,,SUPP,SUPP,,,,SUPP,SUPP,,,,SUPP,SUPP,,,,SUPP,SUPP,,,,SUPP,SUPP,,,,SUPP,SUPP,,,,SUPP,SUPP,12,75%,0,0%,0,0%,1,6%,1,6%,19,21%,79%,74%,0%,SUPP,SUPP,SUPP,SUPP,,,,,,,,,,110,109,22,27%,73%,64%,14%,50%,0%,69%,19%,5.0,2.4,7.6,-0.1,-2.6,2.4,3.7,1.2,6.2,109,107,57,70%,7%,110,108
1,27592,873,2008,139555,The Shade Primary School,The Shade,Soham,,Ely,CB7 5DE,01353886880,E14001224,Ely and East Cambridgeshire,0,,,AC,0,Does not apply,2-11,0,0,267,31,31,17,14,55%,45%,,,,,,,,,,7,23%,24,77%,5,16%,28,90%,55%,13%,,,,,,,,,,,,,81%,45%,0%,107,81%,35%,0%,107,81%,35%,0%,107,65%,13%,26%,0%,94%,0%,35%,79%,,,,57%,54%,-12,SUPP,57%,18%,7%,,,,0%,17%,-11,SUPP,14%,,,,,,,,,,,,,,,,,,,,,,,,,,,,,,,,,,,,,,,,,,,,,,,,,,,,,,,,,,,,,,,,,,,,,,,,,,,,,,,,,,,,,105,109,,,,105,108,SUPP,108,108,105,,,,106,107,SUPP,107,106,107,,,,104,107,SUPP,107,,,,57%,88%,,,,57%,88%,,,,71%,83%,,,,57%,67%,,,,14%,54%,,,,14%,42%,,,,14%,42%,,,,0%,17%,26,84%,0,0%,3,10%,3,10%,6,19%,29,24%,76%,24%,0%,0%,0%,32%,0%,,,,,,,,,,103,101,29,10%,90%,59%,7%,SUPP,SUPP,SUPP,SUPP,2.3,0.0,4.6,-1.5,-3.8,0.7,-0.7,-2.9,1.5,107,103,89,46%,7%,106,104
1,19632,873,2031,110616,Over Primary School,Long Furlong,Over,,Cambridge,CB24 5PG,01954273332,E14001512,St Neots and Mid Cambridgeshire,0,,,CY,0,Does not apply,4-11,0,0,208,34,33,17,16,52%,48%,,,,,,,,,,8,24%,25,76%,3,9%,29,88%,21%,0%,,,,,,,,,,,,,73%,18%,0%,103,73%,15%,0%,103,61%,15%,0%,102,27%,0%,39%,0%,79%,0%,29%,13%,,,,13%,24%,-56,SUPP,21%,0%,0%,,,,0%,0%,-11,SUPP,0%,,,,,,,,,,,,,,,,,,,,,,,,,,,,,,,,,,,,,,,,,,,,,,,,,,,,,,,,,,,,,,,,,,,,,,,,,,,,,,,,,,,,,106,101,,,,97,105,SUPP,104,106,98,,,,98,103,SUPP,103,105,101,,,,98,104,SUPP,103,,,,38%,84%,,,,50%,80%,,,,50%,64%,,,,13%,32%,,,,13%,20%,,,,13%,16%,,,,0%,20%,,,,0%,0%,30,91%,0,0%,0,0%,3,9%,3,9%,29,24%,76%,31%,0%,0%,0%,41%,0%,,,,,,,,,,104,101,42,12%,88%,48%,7%,SUPP,SUPP,SUPP,SUPP,0.0,-2.0,1.9,-2.5,-4.4,-0.6,-4.0,-5.8,-2.2,106,102,104,35%,3%,105,102
1,20140,873,2033,110617,Pendragon Community Primary School,Varrier-Jones Drive,Papworth Everard,,Cambridge,CB23 3XQ,01480830267,E14001512,St Neots and Mid Cambridgeshire,0,,,CY,0,Does not apply,4-11,0,0,315,49,49,21,28,43%,57%,,,,,,,,,,8,16%,41,84%,5,10%,48,98%,55%,6%,,,,,,,,,,,,,76%,29%,0%,105,67%,18%,0%,105,65%,20%,0%,104,65%,12%,22%,0%,80%,0%,43%,64%,,,,0%,66%,-69,SUPP,56%,5%,7%,,,,0%,7%,-11,SUPP,6%,,,,,,,,,,,,,,,,,,,,,,,,,,,,,,,,,,,,,,,,,,,,,,,,,,,,,,,,,,,,,,,,,,,,,,,,,,,,,,,,,,,,,102,108,,,,101,106,SUPP,105,102,105,,,,97,105,SUPP,104,102,107,,,,100,105,SUPP,105,,,,63%,78%,,,,50%,71%,,,,38%,71%,,,,13%,76%,,,,13%,32%,,,,0%,22%,,,,0%,24%,,,,0%,15%,44,90%,0,0%,4,8%,6,12%,10,20%,54,15%,85%,54%,6%,13%,0%,61%,7%,,,,,,,,,,105,104,60,12%,88%,51%,3%,29%,0%,54%,4%,-0.4,-2.1,1.2,-0.5,-2.0,1.1,-2.6,-4.1,-1.1,106,102,163,53%,5%,105,103
1,32652,873,2040,142810,Wisbech St Mary CofE Academy,Church Road,Wisbech St Mary,,Wisbech,PE13 4RJ,01945410312,E14001390,North East Cambridgeshire,0,,,AC,0,Church of England,2-11,0,0,207,29,29,15,14,52%,48%,,,,,,,,,,11,38%,18,62%,2,7%,25,86%,79%,24%,,,,,,,,,,,,,90%,52%,0%,111,76%,34%,0%,108,86%,38%,0%,108,79%,24%,10%,0%,83%,0%,80%,79%,,,,64%,89%,-5,SUPP,84%,7%,43%,,,,9%,33%,-2,SUPP,28%,,,,,,,,,,,,,,,,,,,,,,,,,,,,,,,,,,,,,,,,,,,,,,,,,,,,,,,,,,,,,,,,,,,,,,,,,,,,,,,,,,,,,110,112,,,,109,112,SUPP,111,106,110,,,,104,109,SUPP,108,105,111,,,,107,109,SUPP,109,,,,73%,100%,,,,64%,83%,,,,64%,100%,,,,64%,89%,,,,18%,72%,,,,36%,33%,,,,27%,44%,,,,9%,33%,27,93%,0,0%,3,10%,5,17%,8,28%,27,37%,63%,81%,4%,70%,0%,88%,6%,,,,,,,,,,110,107,24,46%,54%,96%,8%,91%,9%,100%,8%,8.8,6.3,11.3,1.5,-0.9,4.0,5.3,2.9,7.7,115,110,80,85%,13%,111,108
1,10732,873,2042,142811,Guilden Morden CofE Primary Academy,Pound Green,Guilden Morden,,Nr Royston,SG8 0JZ,01763852318,E14001481,South Cambridgeshire,0,,,AC,0,Church of England,2-11,0,0,59,4,4,SUPP,SUPP,SUPP,SUPP,,,,,,,,,,SUPP,SUPP,SUPP,SUPP,SUPP,SUPP,SUPP,SUPP,SUPP,SUPP,,,,,,,,,,,,,SUPP,SUPP,SUPP,SUPP,SUPP,SUPP,SUPP,SUPP,SUPP,SUPP,SUPP,SUPP,SUPP,SUPP,SUPP,SUPP,SUPP,SUPP,SUPP,SUPP,,,,SUPP,SUPP,SUPP,,SUPP,SUPP,SUPP,,,,SUPP,SUPP,SUPP,,SUPP,,,,,,,,,,,,,,,,,,,,,,,,,,,,,,,,,,,,,,,,,,,,,,,,,,,,,,,,,,,,,,,,,,,,,,,,,,,,,,,,,,,,,SUPP,SUPP,,,,SUPP,SUPP,,SUPP,SUPP,SUPP,,,,SUPP,SUPP,,SUPP,SUPP,SUPP,,,,SUPP,SUPP,,SUPP,,,,SUPP,SUPP,,,,SUPP,SUPP,,,,SUPP,SUPP,,,,SUPP,SUPP,,,,SUPP,SUPP,,,,SUPP,SUPP,,,,SUPP,SUPP,,,,SUPP,SUPP,SUPP,SUPP,SUPP,SUPP,SUPP,SUPP,SUPP,SUPP,SUPP,SUPP,1,SUPP,SUPP,SUPP,SUPP,,,SUPP,SUPP,,,,,,,,,,SUPP,SUPP,6,17%,83%,50%,0%,SUPP,SUPP,SUPP,SUPP,-6.3,-11.4,-1.3,-3.3,-8.2,1.5,-5.5,-10.3,-0.8,101,102,11,50%,0%,100,99
1,5984,873,2065,110631,Coates Primary School,The Fold,Coates,Whittlesey,Peterborough,PE7 2BP,01733840527,E14001390,North East Cambridgeshire,0,,,CY,0,Does not apply,5-11,0,0,203,31,30,10,20,33%,67%,,,,,,,,,,8,27%,22,73%,1,3%,25,83%,47%,7%,,,,,,,,,,,,,60%,17%,0%,103,53%,13%,0%,102,73%,17%,0%,104,70%,10%,30%,0%,83%,0%,50%,45%,,,,38%,50%,-31,SUPP,48%,10%,5%,,,,0%,9%,-11,SUPP,8%,,,,,,,,,,,,,,,,,,,,,,,,,,,,,,,,,,,,,,,,,,,,,,,,,,,,,,,,,,,,,,,,,,,,,,,,,,,,,,,,,,,,,101,104,,,,103,103,SUPP,103,105,104,,,,102,105,SUPP,104,99,103,,,,102,102,SUPP,102,,,,63%,59%,,,,63%,50%,,,,63%,77%,,,,63%,73%,,,,13%,18%,,,,13%,14%,,,,13%,18%,,,,13%,9%,29,97%,0,0%,1,3%,7,23%,8,27%,26,46%,54%,62%,8%,58%,8%,64%,7%,,,,,,,,,,104,105,33,36%,64%,58%,6%,42%,8%,67%,5%,-0.2,-2.3,1.9,2.6,0.6,4.7,1.3,-0.7,3.3,104,104,89,55%,7%,104,105
1,9984,873,2067,145553,Gorefield Primary Academy,69 High Road,Gorefield,,Wisbech,PE13 4NB,01945870321,E14001390,North East Cambridgeshire,0,,,AC,0,Does not apply,4-11,0,0,100,15,14,7,7,50%,50%,,,,,,,,,,3,21%,11,79%,0,0%,13,93%,29%,0%,,,,,,,,,,,,,57%,21%,0%,102,50%,7%,0%,101,29%,0%,0%,97,50%,0%,50%,0%,100%,0%,29%,29%,,,,SUPP,SUPP,SUPP,,31%,0%,0%,,,,SUPP,SUPP,SUPP,,0%,,,,,,,,,,,,,,,,,,,,,,,,,,,,,,,,,,,,,,,,,,,,,,,,,,,,,,,,,,,,,,,,,,,,,,,,,,,,,,,,,,,,,99,104,,,,SUPP,SUPP,,101,98,96,,,,SUPP,SUPP,,97,99,102,,,,SUPP,SUPP,,100,,,,SUPP,SUPP,,,,SUPP,SUPP,,,,SUPP,SUPP,,,,SUPP,SUPP,,,,SUPP,SUPP,,,,SUPP,SUPP,,,,SUPP,SUPP,,,,SUPP,SUPP,14,100%,0,0%,0,0%,5,36%,5,36%,16,13%,88%,63%,6%,SUPP,SUPP,SUPP,SUPP,,,,,,,,,,107,103,10,40%,60%,70%,10%,SUPP,SUPP,SUPP,SUPP,-5.3,-9.2,-1.4,-2.5,-6.2,1.2,-4.1,-7.8,-0.5,105,105,40,53%,5%,104,101
1,15096,873,2072,136670,Leverington Primary Academy,104 Church Road,Leverington,,Wisbech,PE13 5DE,01945584915,E14001390,North East Cambridgeshire,0,,,ACC,0,Does not apply,4-11,0,0,199,30,30,13,17,43%,57%,,,,,,,,,,13,43%,17,57%,1,3%,27,90%,63%,7%,,,,,,,,,,,,,83%,40%,0%,106,67%,30%,0%,105,77%,23%,0%,105,70%,7%,27%,0%,83%,0%,69%,59%,,,,38%,82%,-31,SUPP,70%,8%,6%,,,,8%,6%,-3,SUPP,7%,,,,,,,,,,,,,,,,,,,,,,,,,,,,,,,,,,,,,,,,,,,,,,,,,,,,,,,,,,,,,,,,,,,,,,,,,,,,,,,,,,,,,108,106,,,,106,107,SUPP,107,105,105,,,,103,106,SUPP,106,107,104,,,,102,107,SUPP,105,,,,77%,88%,,,,62%,71%,,,,69%,82%,,,,54%,82%,,,,31%,47%,,,,8%,47%,,,,23%,24%,,,,8%,6%,29,97%,0,0%,2,7%,5,17%,7,23%,30,30%,70%,57%,3%,56%,0%,57%,5%,,,,,,,,,,104,105,27,41%,59%,67%,4%,45%,0%,81%,6%,2.6,0.2,5.0,1.6,-0.7,3.9,1.5,-0.7,3.8,106,104,87,62%,5%,106,105
1,15534,873,2074,110637,Littleport Community Primary School,Parsons Lane,Littleport,,Ely,CB6 1JT,01353860235,E14001224,Ely and East Cambridgeshire,0,,,CY,0,Does not apply,4-11,0,0,398,58,58,20,38,34%,66%,,,,,,,,,,22,38%,36,62%,11,19%,52,90%,64%,0%,,,,,,,,,,,,,83%,31%,0%,107,67%,22%,0%,105,71%,12%,0%,103,67%,0%,24%,0%,78%,0%,60%,66%,,,,55%,69%,-14,55%,69%,0%,0%,,,,0%,0%,-11,0%,0%,,,,,,,,,,,,,,,,,,,,,,,,,,,,,,,,,,,,,,,,,,,,,,,,,,,,,,,,,,,,,,,,,,,,,,,,,,,,,,,,,,,,,107,107,,,,106,107,104,107,103,103,,,,102,103,101,103,103,105,,,,104,105,103,105,,,,73%,89%,,,,64%,69%,,,,64%,75%,,,,59%,72%,,,,18%,39%,,,,9%,31%,,,,5%,17%,,,,0%,0%,47,81%,0,0%,1,2%,13,22%,14,24%,61,31%,69%,62%,7%,42%,0%,71%,10%,,,,,,,,,,107,104,59,32%,68%,46%,3%,42%,0%,48%,5%,-0.3,-1.9,1.3,-3.6,-5.2,-2.0,-1.1,-2.6,0.4,104,102,178,57%,3%,106,103
1,16418,873,2099,149098,Marleigh Primary Academy,Marleigh Avenue,,,Cambridge,CB5 8BG,01223618081,E14001481,South Cambridgeshire,0,,,F,0,None,3-11,0,0,150,10,10,6,4,60%,40%,,,,,,,,,,2,20%,8,80%,3,30%,9,90%,60%,10%,,,,,,,,,,,,,60%,20%,0%,103,70%,50%,0%,108,60%,40%,0%,103,70%,20%,30%,0%,80%,0%,67%,SUPP,,,,SUPP,SUPP,SUPP,SUPP,67%,17%,SUPP,,,,SUPP,SUPP,SUPP,SUPP,11%,,,,,,,,,,,,,,,,,,,,,,,,,,,,,,,,,,,,,,,,,,,,,,,,,,,,,,,,,,,,,,,,,,,,,,,,,,,,,,,,,,,,,106,SUPP,,,,SUPP,SUPP,SUPP,104,109,SUPP,,,,SUPP,SUPP,SUPP,105,111,SUPP,,,,SUPP,SUPP,SUPP,109,,,,SUPP,SUPP,,,,SUPP,SUPP,,,,SUPP,SUPP,,,,SUPP,SUPP,,,,SUPP,SUPP,,,,SUPP,SUPP,,,,SUPP,SUPP,,,,SUPP,SUPP,7,70%,0,0%,1,10%,2,20%,3,30%,4,SUPP,SUPP,SUPP,SUPP,SUPP,SUPP,SUPP,SUPP,,,,,,,,,,SUPP,SUPP,4,SUPP,SUPP,SUPP,SUPP,SUPP,SUPP,SUPP,SUPP,SUPP,SUPP,SUPP,SUPP,SUPP,SUPP,SUPP,SUPP,SUPP,SUPP,SUPP,18,44%,11%,102,102
1,4180,873,2101,150374,Burrowmoor Primary Academy,Burrowmoor Road,,,March,PE15 9RP,01354652330,E14001390,North East Cambridgeshire,0,,,ACC,0,None,2-11,0,0,345,45,44,27,17,61%,39%,,,,,,,,,,16,36%,28,64%,8,18%,33,75%,32%,0%,,,,,,,,,,,,,55%,14%,2%,100,39%,16%,2%,99,43%,7%,2%,98,59%,7%,41%,0%,89%,0%,30%,35%,,,,13%,43%,-56,38%,33%,0%,0%,,,,0%,0%,-11,0%,0%,,,,,,,,,,,,,,,,,,,,,,,,,,,,,,,,,,,,,,,,,,,,,,,,,,,,,,,,,,,,,,,,,,,,,,,,,,,,,,,,,,,,,98,102,,,,97,102,99,101,98,96,,,,94,99,102,98,98,102,,,,98,100,100,100,,,,25%,71%,,,,25%,46%,,,,31%,50%,,,,56%,61%,,,,6%,18%,,,,6%,21%,,,,6%,7%,,,,0%,11%,36,82%,0,0%,4,9%,10,23%,14,32%,,,,,,,,,,,,,,,,,,,,,,,,,,,,,,,,,,,,,,,,,,NA,NA,NA,NA
1,4852,873,2206,143871,Cavalry Primary School,Cavalry Drive,,,March,PE15 9EQ,01354652814,E14001390,North East Cambridgeshire,0,,,ACC,0,Does not apply,3-11,0,0,405,56,54,31,23,57%,43%,,,,,,,,,,17,31%,37,69%,10,19%,53,98%,54%,0%,,,,,,,,,,,,,65%,26%,0%,102,61%,17%,0%,102,65%,19%,0%,102,65%,2%,30%,0%,72%,2%,61%,43%,,,,41%,59%,-28,50%,53%,0%,0%,,,,0%,0%,-11,0%,0%,,,,,,,,,,,,,,,,,,,,,,,,,,,,,,,,,,,,,,,,,,,,,,,,,,,,,,,,,,,,,,,,,,,,,,,,,,,,,,,,,,,,,103,101,,,,102,102,102,102,104,99,,,,101,102,103,102,102,101,,,,102,102,104,101,,,,65%,65%,,,,65%,59%,,,,59%,68%,,,,53%,70%,,,,24%,27%,,,,18%,16%,,,,12%,22%,,,,0%,3%,44,81%,0,0%,3,6%,15,28%,18,33%,61,30%,70%,54%,7%,39%,6%,60%,7%,,,,,,,,,,105,105,61,34%,66%,39%,0%,33%,0%,43%,0%,-2.0,-3.6,-0.4,-0.7,-2.2,0.8,-2.4,-3.9,-1.0,102,100,176,49%,2%,103,102
1,8840,873,2208,110676,Fenstanton and Hilton Primary School,School Lane,Fenstanton,,Huntingdon,PE28 9JR,01480375055,E14001512,St Neots and Mid Cambridgeshire,0,,,CY,0,Does not apply,4-11,0,0,224,26,26,18,8,69%,31%,,,,,,,,,,3,12%,23,88%,1,4%,25,96%,35%,0%,,,,,,,,,,,,,77%,31%,0%,105,69%,8%,0%,103,73%,12%,4%,104,35%,0%,54%,0%,85%,0%,28%,50%,,,,SUPP,SUPP,SUPP,SUPP,36%,0%,0%,,,,SUPP,SUPP,SUPP,SUPP,0%,,,,,,,,,,,,,,,,,,,,,,,,,,,,,,,,,,,,,,,,,,,,,,,,,,,,,,,,,,,,,,,,,,,,,,,,,,,,,,,,,,,,,103,109,,,,SUPP,SUPP,SUPP,105,104,104,,,,SUPP,SUPP,SUPP,104,102,104,,,,SUPP,SUPP,SUPP,102,,,,SUPP,SUPP,,,,SUPP,SUPP,,,,SUPP,SUPP,,,,SUPP,SUPP,,,,SUPP,SUPP,,,,SUPP,SUPP,,,,SUPP,SUPP,,,,SUPP,SUPP,25,96%,0,0%,1,4%,4,15%,5,19%,35,26%,74%,57%,6%,11%,0%,73%,8%,,,,,,,,,,107,104,37,14%,86%,54%,5%,SUPP,SUPP,SUPP,SUPP,2.1,0.0,4.2,0.7,-1.4,2.7,1.6,-0.4,3.6,105,104,98,50%,4%,106,104
1,33296,873,2240,110703,Wyton on the Hill Community Primary School,Cambridge Square,Wyton-on-the-Hill,,Huntingdon,PE28 2JB,01480572995,E14001298,Huntingdon,0,,,CY,0,Does not apply,4-11,0,0,130,19,18,10,8,56%,44%,,,,,,,,,,3,17%,15,83%,4,22%,15,83%,39%,6%,,,,,,,,,,,,,61%,22%,0%,104,61%,11%,0%,103,67%,28%,0%,105,56%,6%,28%,0%,83%,0%,40%,38%,,,,SUPP,SUPP,SUPP,SUPP,40%,10%,0%,,,,SUPP,SUPP,SUPP,SUPP,7%,,,,,,,,,,,,,,,,,,,,,,,,,,,,,,,,,,,,,,,,,,,,,,,,,,,,,,,,,,,,,,,,,,,,,,,,,,,,,,,,,,,,,104,105,,,,SUPP,SUPP,SUPP,104,104,105,,,,SUPP,SUPP,SUPP,104,103,103,,,,SUPP,SUPP,SUPP,102,,,,SUPP,SUPP,,,,SUPP,SUPP,,,,SUPP,SUPP,,,,SUPP,SUPP,,,,SUPP,SUPP,,,,SUPP,SUPP,,,,SUPP,SUPP,,,,SUPP,SUPP,14,78%,0,0%,1,6%,6,33%,7,39%,19,21%,79%,53%,0%,SUPP,SUPP,SUPP,SUPP,,,,,,,,,,104,106,27,19%,81%,56%,4%,SUPP,SUPP,SUPP,SUPP,-2.9,-5.4,-0.4,0.7,-1.7,3.0,-0.7,-3.0,1.6,101,102,64,50%,3%,102,104
1,13982,873,2331,110762,Kinderley Primary School,Church Lane,Tydd St Giles,Church Lane,Wisbech,PE13 5LG,01945870374,E14001390,North East Cambridgeshire,0,,,CY,0,Does not apply,2-11,0,0,82,12,11,7,4,64%,36%,,,,,,,,,,5,45%,6,55%,1,9%,10,91%,27%,0%,,,,,,,,,,,,,64%,9%,0%,105,55%,0%,0%,101,73%,9%,0%,106,27%,0%,36%,0%,73%,0%,14%,SUPP,,,,SUPP,SUPP,SUPP,SUPP,30%,0%,SUPP,,,,SUPP,SUPP,SUPP,SUPP,0%,,,,,,,,,,,,,,,,,,,,,,,,,,,,,,,,,,,,,,,,,,,,,,,,,,,,,,,,,,,,,,,,,,,,,,,,,,,,,,,,,,,,,104,SUPP,,,,SUPP,SUPP,SUPP,104,106,SUPP,,,,SUPP,SUPP,SUPP,106,100,SUPP,,,,SUPP,SUPP,SUPP,101,,,,SUPP,SUPP,,,,SUPP,SUPP,,,,SUPP,SUPP,,,,SUPP,SUPP,,,,SUPP,SUPP,,,,SUPP,SUPP,,,,SUPP,SUPP,,,,SUPP,SUPP,10,91%,0,0%,2,18%,2,18%,4,36%,7,29%,71%,43%,0%,SUPP,SUPP,SUPP,SUPP,,,,,,,,,,104,97,12,50%,50%,25%,0%,17%,0%,33%,0%,-6.0,-9.6,-2.5,-3.9,-7.3,-0.4,-6.1,-9.6,-2.6,96,96,30,30%,0%,101,100
1,20870,873,2333,110763,Queen Edith Primary School,Godwin Way,,,Cambridge,CB1 8QP,01223712200,E14001481,South Cambridgeshire,0,,,FD,0,Does not apply,4-11,0,0,403,60,58,29,29,50%,50%,,,,,,,,,,20,34%,38,66%,19,33%,55,95%,57%,9%,,,,,,,,,,,,,84%,45%,0%,108,78%,47%,0%,107,76%,40%,0%,106,62%,9%,36%,0%,84%,0%,34%,79%,,,,45%,63%,-24,74%,60%,10%,7%,,,,0%,13%,-11,11%,9%,,,,,,,,,,,,,,,,,,,,,,,,,,,,,,,,,,,,,,,,,,,,,,,,,,,,,,,,,,,,,,,,,,,,,,,,,,,,,,,,,,,,,106,109,,,,107,108,110,108,105,108,,,,104,108,111,106,104,110,,,,105,108,110,107,,,,85%,84%,,,,65%,84%,,,,70%,79%,,,,45%,71%,,,,40%,47%,,,,40%,50%,,,,20%,50%,,,,0%,13%,39,67%,0,0%,2,3%,9,16%,11,19%,60,25%,75%,65%,22%,40%,7%,73%,27%,,,,,,,,,,107,108,60,18%,82%,67%,14%,64%,18%,68%,13%,5.1,3.3,6.9,3.5,1.8,5.2,5.4,3.7,7.1,108,108,178,63%,15%,107,107
1,13874,873,2442,110771,Kettlefields Primary School,Stetchworth Road,Dullingham,,Newmarket,CB8 9UH,01638508360,E14001224,Ely and East Cambridgeshire,0,,,CY,0,Does not apply,4-11,0,0,131,18,18,12,6,67%,33%,,,,,,,,,,3,17%,15,83%,0,0%,16,89%,61%,6%,,,,,,,,,,,,,78%,28%,0%,105,72%,11%,0%,103,67%,28%,0%,102,83%,11%,17%,0%,94%,0%,67%,50%,,,,SUPP,SUPP,SUPP,,63%,8%,0%,,,,SUPP,SUPP,SUPP,,6%,,,,,,,,,,,,,,,,,,,,,,,,,,,,,,,,,,,,,,,,,,,,,,,,,,,,,,,,,,,,,,,,,,,,,,,,,,,,,,,,,,,,,106,102,,,,SUPP,SUPP,,106,105,97,,,,SUPP,SUPP,,103,104,99,,,,SUPP,SUPP,,103,,,,SUPP,SUPP,,,,SUPP,SUPP,,,,SUPP,SUPP,,,,SUPP,SUPP,,,,SUPP,SUPP,,,,SUPP,SUPP,,,,SUPP,SUPP,,,,SUPP,SUPP,18,100%,0,0%,1,6%,1,6%,2,11%,15,13%,87%,60%,7%,SUPP,SUPP,SUPP,SUPP,,,,,,,,,,105,104,16,13%,88%,63%,6%,SUPP,SUPP,SUPP,SUPP,-1.1,-4.1,2.0,-1.6,-4.5,1.4,-2.1,-5.0,0.8,105,103,49,61%,6%,105,103
1,1696,873,3001,110781,Barrington CofE VC Primary School,Haslingfield Road,Barrington,,Cambridge,CB22 7RG,01223712273,E14001481,South Cambridgeshire,0,,,VC,0,Church of England,4-11,0,0,165,18,15,6,9,40%,60%,,,,,,,,,,5,33%,10,67%,3,20%,13,87%,40%,7%,,,,,,,,,,,,,67%,33%,0%,106,67%,20%,0%,105,53%,7%,0%,101,60%,20%,27%,0%,87%,0%,50%,33%,,,,SUPP,SUPP,SUPP,SUPP,38%,17%,0%,,,,SUPP,SUPP,SUPP,SUPP,8%,,,,,,,,,,,,,,,,,,,,,,,,,,,,,,,,,,,,,,,,,,,,,,,,,,,,,,,,,,,,,,,,,,,,,,,,,,,,,,,,,,,,,106,107,,,,SUPP,SUPP,SUPP,106,102,99,,,,SUPP,SUPP,SUPP,101,104,105,,,,SUPP,SUPP,SUPP,104,,,,SUPP,SUPP,,,,SUPP,SUPP,,,,SUPP,SUPP,,,,SUPP,SUPP,,,,SUPP,SUPP,,,,SUPP,SUPP,,,,SUPP,SUPP,,,,SUPP,SUPP,12,80%,0,0%,1,7%,2,13%,3,20%,20,25%,75%,45%,0%,SUPP,SUPP,SUPP,SUPP,,,,,,,,,,105,104,18,39%,61%,44%,6%,43%,0%,45%,9%,-1.9,-5.1,1.2,-2.8,-5.8,0.1,-1.2,-4.2,1.8,105,104,53,43%,4%,105,103
1,4690,873,3008,110784,Castle Camps Church of England (Controlled) Primary School,Church Lane,Castle Camps,,Cambridge,CB21 4TH,01799584270,E14001481,South Cambridgeshire,0,,,VC,0,Church of England,3-11,0,0,123,19,19,8,11,42%,58%,,,,,,,,,,5,26%,14,74%,1,5%,19,100%,63%,0%,,,,,,,,,,,,,79%,37%,0%,107,68%,32%,0%,105,79%,21%,0%,105,79%,21%,21%,0%,95%,0%,75%,55%,,,,SUPP,SUPP,SUPP,SUPP,63%,0%,0%,,,,SUPP,SUPP,SUPP,SUPP,0%,,,,,,,,,,,,,,,,,,,,,,,,,,,,,,,,,,,,,,,,,,,,,,,,,,,,,,,,,,,,,,,,,,,,,,,,,,,,,,,,,,,,,105,108,,,,SUPP,SUPP,SUPP,107,108,103,,,,SUPP,SUPP,SUPP,105,104,106,,,,SUPP,SUPP,SUPP,105,,,,SUPP,SUPP,,,,SUPP,SUPP,,,,SUPP,SUPP,,,,SUPP,SUPP,,,,SUPP,SUPP,,,,SUPP,SUPP,,,,SUPP,SUPP,,,,SUPP,SUPP,18,95%,0,0%,0,0%,4,21%,4,21%,20,10%,90%,65%,0%,SUPP,SUPP,SUPP,SUPP,,,,,,,,,,106,104,19,11%,89%,53%,5%,SUPP,SUPP,SUPP,SUPP,-1.6,-4.5,1.3,-3.2,-6.0,-0.4,-0.2,-3.0,2.5,104,104,58,60%,2%,105,104
1,11342,873,3035,110796,Haslingfield Endowed Primary School,High Street,Haslingfield,,Cambridge,CB23 1JW,01223870457,E14001481,South Cambridgeshire,0,,,VC,0,None,4-11,0,0,140,27,27,11,16,41%,59%,,,,,,,,,,5,19%,22,81%,3,11%,26,96%,48%,0%,,,,,,,,,,,,,85%,59%,4%,110,70%,33%,4%,106,70%,30%,4%,105,56%,0%,30%,0%,78%,0%,27%,63%,,,,SUPP,SUPP,SUPP,SUPP,46%,0%,0%,,,,SUPP,SUPP,SUPP,SUPP,0%,,,,,,,,,,,,,,,,,,,,,,,,,,,,,,,,,,,,,,,,,,,,,,,,,,,,,,,,,,,,,,,,,,,,,,,,,,,,,,,,,,,,,107,112,,,,SUPP,SUPP,SUPP,110,106,105,,,,SUPP,SUPP,SUPP,105,104,106,,,,SUPP,SUPP,SUPP,105,,,,SUPP,SUPP,,,,SUPP,SUPP,,,,SUPP,SUPP,,,,SUPP,SUPP,,,,SUPP,SUPP,,,,SUPP,SUPP,,,,SUPP,SUPP,,,,SUPP,SUPP,24,89%,0,0%,0,0%,7,26%,7,26%,19,16%,84%,63%,5%,SUPP,SUPP,SUPP,SUPP,,,,,,,,,,110,107,29,14%,86%,66%,14%,SUPP,SUPP,SUPP,SUPP,4.0,1.7,6.3,-1.5,-3.7,0.8,3.1,0.9,5.3,110,108,75,59%,7%,110,107
1,1634,873,3067,110814,Barnabas Oley CofE Primary School,Little Lane,Great Gransden,,Sandy,SG19 3AE,01767677294,E14001512,St Neots and Mid Cambridgeshire,0,,,VC,0,Church of England,5-11,0,0,143,22,22,16,6,73%,27%,,,,,,,,,,2,9%,20,91%,0,0%,20,91%,77%,9%,,,,,,,,,,,,,91%,64%,5%,111,77%,50%,0%,109,77%,36%,5%,106,82%,14%,14%,5%,91%,5%,94%,33%,,,,SUPP,SUPP,SUPP,,75%,13%,0%,,,,SUPP,SUPP,SUPP,,5%,,,,,,,,,,,,,,,,,,,,,,,,,,,,,,,,,,,,,,,,,,,,,,,,,,,,,,,,,,,,,,,,,,,,,,,,,,,,,,,,,,,,,112,108,,,,SUPP,SUPP,,111,110,97,,,,SUPP,SUPP,,105,111,103,,,,SUPP,SUPP,,108,,,,SUPP,SUPP,,,,SUPP,SUPP,,,,SUPP,SUPP,,,,SUPP,SUPP,,,,SUPP,SUPP,,,,SUPP,SUPP,,,,SUPP,SUPP,,,,SUPP,SUPP,22,100%,0,0%,0,0%,5,23%,5,23%,22,14%,86%,55%,14%,SUPP,SUPP,SUPP,SUPP,,,,,,,,,,109,108,22,9%,91%,73%,23%,SUPP,SUPP,SUPP,SUPP,2.1,-0.6,4.8,-0.8,-3.4,1.7,-0.6,-3.1,2.0,111,107,66,68%,15%,110,107
1,1738,873,3301,110829,Barton CofE VA Primary School,School Lane,Barton,,Cambridge,CB23 7BD,01223262474,E14001481,South Cambridgeshire,0,,,VA,0,Church of England,4-11,0,0,121,22,22,9,13,41%,59%,,,,,,,,,,1,5%,21,95%,5,23%,18,82%,59%,14%,,,,,,,,,,,,,91%,55%,5%,110,77%,41%,5%,108,77%,27%,5%,105,68%,18%,32%,0%,91%,0%,44%,69%,,,,SUPP,SUPP,SUPP,SUPP,56%,22%,8%,,,,SUPP,SUPP,SUPP,SUPP,6%,,,,,,,,,,,,,,,,,,,,,,,,,,,,,,,,,,,,,,,,,,,,,,,,,,,,,,,,,,,,,,,,,,,,,,,,,,,,,,,,,,,,,109,110,,,,SUPP,SUPP,SUPP,109,107,104,,,,SUPP,SUPP,SUPP,103,108,108,,,,SUPP,SUPP,SUPP,106,,,,SUPP,SUPP,,,,SUPP,SUPP,,,,SUPP,SUPP,,,,SUPP,SUPP,,,,SUPP,SUPP,,,,SUPP,SUPP,,,,SUPP,SUPP,,,,SUPP,SUPP,17,77%,0,0%,1,5%,3,14%,4,18%,15,7%,93%,60%,7%,SUPP,SUPP,SUPP,SUPP,,,,,,,,,,110,106,17,6%,94%,59%,24%,SUPP,SUPP,SUPP,SUPP,4.4,1.4,7.4,1.6,-1.3,4.5,2.1,-0.7,4.9,108,105,54,59%,15%,109,105
1,10222,873,3310,110831,Great and Little Shelford CofE (Aided) Primary School,Church Street,Great Shelford,,Cambridge,CB22 5EL,01223843107,E14001481,South Cambridgeshire,0,,,VA,0,Church of England,4-11,0,0,206,29,29,13,16,45%,55%,,,,,,,,,,5,17%,24,83%,1,3%,28,97%,72%,14%,,,,,,,,,,,,,83%,55%,0%,108,79%,38%,0%,107,79%,17%,0%,104,86%,24%,14%,0%,90%,0%,62%,81%,,,,SUPP,SUPP,SUPP,SUPP,75%,15%,13%,,,,SUPP,SUPP,SUPP,SUPP,14%,,,,,,,,,,,,,,,,,,,,,,,,,,,,,,,,,,,,,,,,,,,,,,,,,,,,,,,,,,,,,,,,,,,,,,,,,,,,,,,,,,,,,105,110,,,,SUPP,SUPP,SUPP,108,104,104,,,,SUPP,SUPP,SUPP,104,103,111,,,,SUPP,SUPP,SUPP,107,,,,SUPP,SUPP,,,,SUPP,SUPP,,,,SUPP,SUPP,,,,SUPP,SUPP,,,,SUPP,SUPP,,,,SUPP,SUPP,,,,SUPP,SUPP,,,,SUPP,SUPP,28,97%,0,0%,1,3%,5,17%,6,21%,27,15%,85%,52%,4%,SUPP,SUPP,SUPP,SUPP,,,,,,,,,,105,104,27,4%,96%,70%,11%,SUPP,SUPP,SUPP,SUPP,3.3,0.9,5.8,-0.6,-3.0,1.8,0.1,-2.2,2.4,110,106,83,65%,10%,108,104
1,4244,873,3367,139844,Bury CofE Primary School,Owls End,Bury,,Huntingdon,PE26 2NJ,01487813784,E14001401,North West Cambridgeshire,0,,,ACC,0,Church of England,4-11,0,0,204,31,31,11,20,35%,65%,,,,,,,,,,4,13%,27,87%,0,0%,30,97%,81%,0%,,,,,,,,,,,,,90%,61%,0%,109,84%,35%,0%,107,87%,32%,0%,106,81%,6%,10%,0%,84%,0%,73%,85%,,,,SUPP,SUPP,SUPP,,83%,0%,0%,,,,SUPP,SUPP,SUPP,,0%,,,,,,,,,,,,,,,,,,,,,,,,,,,,,,,,,,,,,,,,,,,,,,,,,,,,,,,,,,,,,,,,,,,,,,,,,,,,,,,,,,,,,105,111,,,,SUPP,SUPP,,110,106,106,,,,SUPP,SUPP,,107,105,108,,,,SUPP,SUPP,,107,,,,SUPP,SUPP,,,,SUPP,SUPP,,,,SUPP,SUPP,,,,SUPP,SUPP,,,,SUPP,SUPP,,,,SUPP,SUPP,,,,SUPP,SUPP,,,,SUPP,SUPP,31,100%,0,0%,1,3%,5,16%,6,19%,30,13%,87%,73%,10%,SUPP,SUPP,SUPP,SUPP,,,,,,,,,,105,104,26,27%,73%,73%,19%,57%,29%,79%,16%,4.1,1.7,6.5,2.9,0.6,5.3,3.8,1.5,6.0,109,107,87,76%,9%,107,106
1,20884,873,3946,136241,Queen Emma Primary School,Gunhild Way,,,Cambridge,CB1 8QY,01223714300,E14001481,South Cambridgeshire,0,,,FD,0,None,4-11,0,0,405,55,55,24,31,44%,56%,,,,,,,,,,14,25%,41,75%,26,47%,45,82%,71%,13%,,,,,,,,,,,,,84%,62%,2%,109,84%,53%,2%,109,87%,42%,2%,108,73%,16%,22%,0%,87%,0%,58%,81%,,,,57%,76%,-12,81%,71%,13%,13%,,,,0%,17%,-11,15%,16%,,,,,,,,,,,,,,,,,,,,,,,,,,,,,,,,,,,,,,,,,,,,,,,,,,,,,,,,,,,,,,,,,,,,,,,,,,,,,,,,,,,,,106,111,,,,106,110,109,110,107,109,,,,103,109,110,108,107,111,,,,106,111,111,110,,,,71%,88%,,,,71%,88%,,,,79%,90%,,,,57%,78%,,,,50%,66%,,,,29%,61%,,,,7%,54%,,,,7%,20%,29,53%,0,0%,1,2%,8,15%,9,16%,53,30%,70%,53%,19%,13%,0%,70%,27%,,,,,,,,,,106,104,60,32%,68%,62%,20%,37%,11%,73%,24%,5.4,3.7,7.2,4.4,2.7,6.1,2.7,1.0,4.3,107,104,168,62%,17%,107,105
1,9804,873,2448,143976,Glebelands Primary Academy,Farriers Gate,,,Chatteris,PE16 6EZ,01354695915,E14001390,North East Cambridgeshire,0,,,ACC,0,Does not apply,4-11,0,0,405,60,59,34,25,58%,42%,,,,,,,,,,13,22%,46,78%,5,8%,58,98%,59%,12%,,,,,,,,,,,,,81%,31%,0%,106,75%,25%,0%,105,68%,32%,0%,105,71%,14%,20%,0%,76%,0%,68%,48%,,,,38%,65%,-31,SUPP,59%,18%,4%,,,,8%,13%,-3,SUPP,10%,,,,,,,,,,,,,,,,,,,,,,,,,,,,,,,,,,,,,,,,,,,,,,,,,,,,,,,,,,,,,,,,,,,,,,,,,,,,,,,,,,,,,107,104,,,,102,107,SUPP,106,107,101,,,,99,106,SUPP,105,106,104,,,,102,106,SUPP,105,,,,69%,85%,,,,62%,78%,,,,38%,76%,,,,62%,74%,,,,15%,35%,,,,15%,28%,,,,15%,37%,,,,8%,15%,54,92%,0,0%,2,3%,12,20%,14,24%,59,32%,68%,49%,2%,32%,0%,58%,3%,,,,,,,,,,102,102,57,33%,67%,67%,5%,53%,0%,74%,8%,-0.1,-1.8,1.6,-0.1,-1.7,1.5,2.7,1.1,4.3,104,106,175,58%,6%,104,104
1,3066,873,3002,137626,Bourn CofE Primary Academy,Riddy  Lane,Bourn,,Cambridge,CB23 2SP,01954719282,E14001512,St Neots and Mid Cambridgeshire,0,,,ACC,0,Church of England,4-11,0,0,200,32,32,17,15,53%,47%,,,,,,,,,,6,19%,26,81%,4,13%,29,91%,63%,9%,,,,,,,,,,,,,78%,66%,0%,108,84%,47%,0%,108,84%,41%,0%,108,66%,9%,19%,0%,69%,0%,59%,67%,,,,33%,69%,-36,SUPP,62%,6%,13%,,,,0%,12%,-11,SUPP,7%,,,,,,,,,,,,,,,,,,,,,,,,,,,,,,,,,,,,,,,,,,,,,,,,,,,,,,,,,,,,,,,,,,,,,,,,,,,,,,,,,,,,,108,108,,,,101,110,SUPP,108,108,107,,,,101,109,SUPP,107,107,108,,,,101,109,SUPP,107,,,,50%,85%,,,,50%,92%,,,,67%,88%,,,,33%,73%,,,,33%,73%,,,,33%,50%,,,,17%,46%,,,,0%,12%,28,88%,0,0%,1,3%,2,6%,3,9%,32,3%,97%,78%,16%,SUPP,SUPP,SUPP,SUPP,,,,,,,,,,110,107,27,15%,85%,74%,30%,SUPP,SUPP,SUPP,SUPP,2.3,-0.1,4.7,1.2,-1.1,3.5,0.2,-2.0,2.4,110,107,91,71%,18%,109,107
1,5294,873,3009,110785,Cheveley CofE Primary School,Park Road,Cheveley,,Newmarket,CB8 9DF,01638730273,E14001224,Ely and East Cambridgeshire,0,,,VC,0,Church of England,4-11,0,0,142,18,19,11,8,58%,42%,,,,,,,,,,6,32%,13,68%,1,5%,17,89%,74%,0%,,,,,,,,,,,,,84%,47%,0%,107,63%,5%,0%,102,84%,5%,0%,104,79%,0%,21%,0%,89%,0%,82%,63%,,,,50%,85%,-19,SUPP,76%,0%,0%,,,,0%,0%,-11,SUPP,0%,,,,,,,,,,,,,,,,,,,,,,,,,,,,,,,,,,,,,,,,,,,,,,,,,,,,,,,,,,,,,,,,,,,,,,,,,,,,,,,,,,,,,109,105,,,,103,109,SUPP,107,106,101,,,,102,105,SUPP,104,103,100,,,,100,103,SUPP,102,,,,67%,92%,,,,67%,62%,,,,67%,92%,,,,50%,92%,,,,17%,62%,,,,0%,8%,,,,0%,8%,,,,0%,0%,18,95%,0,0%,0,0%,5,26%,5,26%,20,20%,80%,65%,5%,SUPP,SUPP,SUPP,SUPP,,,,,,,,,,106,105,14,14%,86%,43%,7%,SUPP,SUPP,SUPP,SUPP,0.1,-3.4,3.5,2.3,-1.0,5.6,0.0,-3.2,3.2,104,103,53,62%,4%,106,104
1,29356,873,3052,110802,Sutton CofE VC Primary School,The Brook,Sutton,,Ely,CB6 2PU,01353778351,E14001224,Ely and East Cambridgeshire,0,,,VC,0,Church of England,4-11,0,0,269,40,41,20,21,49%,51%,,,,,,,,,,9,22%,32,78%,0,0%,36,88%,54%,5%,,,,,,,,,,,,,66%,29%,2%,103,59%,15%,2%,102,63%,17%,2%,103,61%,5%,24%,0%,68%,0%,60%,48%,,,,22%,63%,-47,,56%,0%,10%,,,,0%,6%,-11,,6%,,,,,,,,,,,,,,,,,,,,,,,,,,,,,,,,,,,,,,,,,,,,,,,,,,,,,,,,,,,,,,,,,,,,,,,,,,,,,,,,,,,,,104,103,,,,98,105,,103,104,101,,,,98,104,,103,101,103,,,,98,103,,103,,,,33%,75%,,,,22%,69%,,,,44%,69%,,,,22%,72%,,,,11%,34%,,,,0%,19%,,,,0%,22%,,,,0%,6%,41,100%,0,0%,4,10%,10,24%,14,34%,37,27%,73%,49%,5%,30%,0%,56%,7%,,,,,,,,,,103,103,44,27%,73%,57%,9%,33%,8%,66%,9%,-0.6,-2.5,1.2,0.3,-1.5,2.1,-1.7,-3.5,0.0,105,103,122,53%,7%,104,103
1,12482,873,3070,146889,Holme CofE Primary School,Church Street,Holme,,Peterborough,PE7 3PB,01487830342,E14001401,North West Cambridgeshire,0,,,ACC,0,Church of England,4-11,0,0,116,17,17,13,4,76%,24%,,,,,,,,,,1,6%,16,94%,1,6%,16,94%,59%,6%,,,,,,,,,,,,,76%,47%,0%,107,82%,29%,0%,106,76%,18%,0%,105,76%,24%,24%,0%,94%,0%,77%,SUPP,,,,SUPP,SUPP,SUPP,SUPP,56%,8%,SUPP,,,,SUPP,SUPP,SUPP,SUPP,6%,,,,,,,,,,,,,,,,,,,,,,,,,,,,,,,,,,,,,,,,,,,,,,,,,,,,,,,,,,,,,,,,,,,,,,,,,,,,,,,,,,,,,110,SUPP,,,,SUPP,SUPP,SUPP,106,108,SUPP,,,,SUPP,SUPP,SUPP,104,108,SUPP,,,,SUPP,SUPP,SUPP,105,,,,SUPP,SUPP,,,,SUPP,SUPP,,,,SUPP,SUPP,,,,SUPP,SUPP,,,,SUPP,SUPP,,,,SUPP,SUPP,,,,SUPP,SUPP,,,,SUPP,SUPP,16,94%,0,0%,0,0%,3,18%,3,18%,14,21%,79%,64%,0%,SUPP,SUPP,SUPP,SUPP,,,,,,,,,,107,105,15,20%,80%,87%,0%,SUPP,SUPP,SUPP,SUPP,0.3,-3.2,3.9,1.6,-1.8,5.1,0.9,-2.4,4.3,106,105,46,70%,2%,106,105
1,20012,873,3302,147434,Pathfinder CofE Primary School,Pathfinder Way,,Northstowe,Cambridge,CB24 3DS,01954584801,E14001512,St Neots and Mid Cambridgeshire,0,,,ACC,0,Church of England,2-11,0,0,462,47,46,25,21,54%,46%,,,,,,,,,,13,28%,33,72%,13,28%,37,80%,65%,9%,,,,,,,,,,,,,72%,41%,0%,105,72%,43%,0%,106,89%,37%,0%,107,78%,11%,22%,0%,87%,0%,72%,57%,,,,54%,70%,-15,54%,65%,12%,5%,,,,0%,12%,-11,8%,11%,,,,,,,,,,,,,,,,,,,,,,,,,,,,,,,,,,,,,,,,,,,,,,,,,,,,,,,,,,,,,,,,,,,,,,,,,,,,,,,,,,,,,107,103,,,,105,106,103,105,108,105,,,,103,108,108,106,108,103,,,,102,108,105,106,,,,69%,73%,,,,54%,79%,,,,85%,91%,,,,69%,82%,,,,38%,42%,,,,15%,55%,,,,0%,52%,,,,8%,12%,33,72%,0,0%,0,0%,7,15%,7,15%,44,27%,73%,68%,5%,58%,0%,72%,6%,,,,,,,,,,106,106,49,31%,69%,47%,2%,7%,0%,65%,3%,1.8,-0.2,3.9,-4.3,-6.3,-2.3,-2.4,-4.3,-0.4,106,103,139,60%,5%,106,105
1,22618,873,3384,131238,St Anne's CofE Primary School,London Road,Godmanchester,,Huntingdon,PE29 2WW,01480375300,E14001298,Huntingdon,0,,,VA,0,Church of England,4-11,0,0,201,31,30,14,16,47%,53%,,,,,,,,,,5,17%,25,83%,4,13%,27,90%,70%,3%,,,,,,,,,,,,,83%,47%,0%,109,73%,37%,7%,106,80%,23%,0%,106,80%,10%,13%,0%,83%,0%,71%,69%,,,,SUPP,SUPP,SUPP,SUPP,78%,7%,0%,,,,SUPP,SUPP,SUPP,SUPP,4%,,,,,,,,,,,,,,,,,,,,,,,,,,,,,,,,,,,,,,,,,,,,,,,,,,,,,,,,,,,,,,,,,,,,,,,,,,,,,,,,,,,,,110,108,,,,SUPP,SUPP,SUPP,110,109,104,,,,SUPP,SUPP,SUPP,107,107,105,,,,SUPP,SUPP,SUPP,107,,,,SUPP,SUPP,,,,SUPP,SUPP,,,,SUPP,SUPP,,,,SUPP,SUPP,,,,SUPP,SUPP,,,,SUPP,SUPP,,,,SUPP,SUPP,,,,SUPP,SUPP,26,87%,0,0%,1,3%,2,7%,3,10%,30,30%,70%,67%,3%,56%,0%,71%,5%,,,,,,,,,,109,106,28,25%,75%,64%,4%,29%,0%,76%,5%,0.7,-1.6,3.0,-3.5,-5.8,-1.3,0.5,-1.6,2.7,108,107,88,67%,3%,108,106
1,13170,873,3945,135568,Huntingdon Primary School,Ambury Road,,,Huntingdon,PE29 1AD,01480375113,E14001298,Huntingdon,0,,,CY,0,Does not apply,4-11,0,0,444,66,66,30,36,45%,55%,,,,,,,,,,25,38%,41,62%,22,33%,54,82%,64%,8%,,,,,,,,,,,,,74%,39%,3%,107,68%,29%,3%,105,67%,21%,3%,105,73%,11%,12%,3%,73%,0%,63%,64%,,,,48%,73%,-21,82%,63%,3%,11%,,,,0%,12%,-11,5%,7%,,,,,,,,,,,,,,,,,,,,,,,,,,,,,,,,,,,,,,,,,,,,,,,,,,,,,,,,,,,,,,,,,,,,,,,,,,,,,,,,,,,,,106,108,,,,105,108,106,107,105,104,,,,101,106,106,104,104,107,,,,102,107,108,105,,,,68%,78%,,,,48%,80%,,,,48%,78%,,,,56%,83%,,,,20%,51%,,,,12%,39%,,,,8%,29%,,,,0%,17%,44,67%,0,0%,2,3%,7,11%,9,14%,60,42%,58%,60%,7%,44%,0%,71%,11%,,,,,,,,,,107,104,59,37%,63%,68%,12%,45%,5%,81%,16%,-0.1,-1.7,1.6,-0.5,-2.1,1.1,-1.0,-2.6,0.5,106,105,185,64%,9%,107,105
1,6712,873,4045,138177,Cromwell Community College,Wenny Road,,,Chatteris,PE16 6UU,01354692193,E14001390,North East Cambridgeshire,0,,,ACC,0,Does not apply,4-18,0,0,1524,0,,,,,,,,,,,,,,,,,,,,,,,,,,,,,,,,,,,,,,,,,,,,,,,,,,,,,,,,,,,,,,,,,,,,,,,,,,,,,,,,,,,,,,,,,,,,,,,,,,,,,,,,,,,,,,,,,,,,,,,,,,,,,,,,,,,,,,,,,,,,,,,,,,,,,,,,,,,,,,,,,,,,,,,,,,,,,,,,,,,,,,,,,,,,,,,,,,,,,,,,,,,,,,,,,,,,,,,,,,,,,,,,,,0,,0
2,16674,873,7021,144055,Meadowgate Academy,Meadowgate Lane,,,Wisbech,PE13 2JH,01945461836,E14001390,North East Cambridgeshire,0,,,ACCS,0,Does not apply,2-19,0,0,181,15,15,9,6,60%,40%,,,,,,,,,,9,60%,6,40%,3,20%,13,87%,0%,0%,,,,,,,,,,,,,0%,0%,0%,,0%,0%,0%,,0%,0%,0%,,0%,0%,0%,0%,0%,0%,0%,0%,,,,0%,0%,-69,SUPP,0%,0%,0%,,,,0%,0%,-11,SUPP,0%,,,,,,,,,,,,,,,,,,,,,,,,,,,,,,,,,,,,,,,,,,,,,,,,,,,,,,,,,,,,,,,,,,,,,,,,,,,,,,,,,,,,,,,,,,,,SUPP,,,,,,,,,SUPP,,,,,,,,,SUPP,,,,,0%,0%,,,,0%,0%,,,,0%,0%,,,,0%,0%,,,,0%,0%,,,,0%,0%,,,,0%,0%,,,,0%,0%,12,80%,0,0%,15,100%,0,0%,15,100%,18,56%,44%,0%,0%,0%,0%,0%,0%,,,,,,,,,,,,15,60%,40%,0%,0%,0%,0%,0%,0%,-4.4,-7.8,-1.0,-4.5,-7.8,-1.3,-6.1,-9.4,-2.9,,,48,0%,0%
1,9258,873,2011,110607,Fowlmere Primary School,The Butts,Fowlmere,,Royston,SG8 7SL,01763208203,E14001481,South Cambridgeshire,0,,,CY,0,Does not apply,4-11,0,0,77,12,12,8,4,67%,33%,,,,,,,,,,0,0%,12,100%,1,8%,12,100%,25%,0%,,,,,,,,,,,,,58%,33%,0%,103,42%,8%,0%,98,42%,17%,0%,100,33%,0%,42%,0%,75%,0%,25%,SUPP,,,,,SUPP,,SUPP,25%,0%,SUPP,,,,,SUPP,,SUPP,0%,,,,,,,,,,,,,,,,,,,,,,,,,,,,,,,,,,,,,,,,,,,,,,,,,,,,,,,,,,,,,,,,,,,,,,,,,,,,,,,,,,,,,102,SUPP,,,,,SUPP,SUPP,103,101,SUPP,,,,,SUPP,SUPP,100,97,SUPP,,,,,SUPP,SUPP,98,,,,,SUPP,,,,,SUPP,,,,,SUPP,,,,,SUPP,,,,,SUPP,,,,,SUPP,,,,,SUPP,,,,,SUPP,11,92%,0,0%,0,0%,5,42%,5,42%,16,31%,69%,31%,13%,SUPP,SUPP,SUPP,SUPP,,,,,,,,,,105,102,10,10%,90%,60%,10%,SUPP,SUPP,SUPP,SUPP,-0.9,-5.0,3.2,0.3,-3.6,4.3,-0.2,-4.1,3.7,107,105,38,37%,8%,105,102
1,5272,873,2013,139556,Chesterton Primary School,Green End Road,Chesterton,,Cambridge,CB4 1RW,01223728392,E14001149,Cambridge,0,,,AC,0,None,4-11,0,0,167,26,26,17,9,65%,35%,,,,,,,,,,8,31%,18,69%,13,50%,20,77%,42%,4%,,,,,,,,,,,,,62%,23%,0%,103,65%,19%,0%,103,54%,31%,0%,102,54%,4%,35%,0%,77%,0%,47%,33%,,,,25%,50%,-44,31%,45%,6%,0%,,,,0%,6%,-11,0%,5%,,,,,,,,,,,,,,,,,,,,,,,,,,,,,,,,,,,,,,,,,,,,,,,,,,,,,,,,,,,,,,,,,,,,,,,,,,,,,,,,,,,,,103,103,,,,101,104,101,103,104,98,,,,100,103,101,102,104,102,,,,100,105,102,104,,,,50%,67%,,,,50%,72%,,,,25%,67%,,,,50%,56%,,,,25%,22%,,,,0%,28%,,,,25%,33%,,,,0%,6%,13,50%,0,0%,1,4%,3,12%,4,15%,24,54%,46%,58%,8%,46%,0%,73%,18%,,,,,,,,,,106,103,29,34%,66%,72%,7%,70%,0%,74%,11%,1.3,-1.5,4.1,1.4,-1.3,4.2,1.8,-0.9,4.4,106,107,79,58%,6%,105,104
1,14166,873,2026,140888,Kingsfield Primary School,Burnsfield Street,,,Chatteris,PE16 6ET,01354692323,E14001390,North East Cambridgeshire,0,,,AC,0,Does not apply,2-11,0,0,308,55,55,28,27,51%,49%,,,,,,,,,,18,33%,37,67%,6,11%,48,87%,45%,2%,,,,,,,,,,,,,58%,11%,2%,101,44%,4%,2%,100,60%,5%,2%,101,75%,2%,16%,2%,75%,2%,39%,52%,,,,44%,46%,-25,67%,44%,0%,4%,,,,0%,3%,-11,0%,2%,,,,,,,,,,,,,,,,,,,,,,,,,,,,,,,,,,,,,,,,,,,,,,,,,,,,,,,,,,,,,,,,,,,,,,,,,,,,,,,,,,,,,101,101,,,,101,101,102,101,100,101,,,,100,101,105,100,99,100,,,,99,100,104,99,,,,44%,65%,,,,33%,49%,,,,56%,62%,,,,72%,76%,,,,11%,11%,,,,6%,3%,,,,0%,8%,,,,0%,3%,48,87%,1,2%,8,15%,4,7%,12,22%,59,41%,59%,49%,0%,42%,0%,54%,0%,,,,,,,,,,100,102,54,28%,72%,43%,0%,40%,0%,44%,0%,-1.1,-2.8,0.6,-4.5,-6.1,-2.9,-1.7,-3.3,-0.1,103,102,168,46%,1%,101,101
1,16744,873,2028,110614,Melbourn Primary School,Mortlock Street,Melbourn,,Royston,SG8 6DB,01763223457,E14001481,South Cambridgeshire,0,,,CY,0,Does not apply,4-11,0,0,376,58,58,34,24,59%,41%,,,,,,,,,,19,33%,39,67%,2,3%,54,93%,62%,3%,,,,,,,,,,,,,79%,40%,0%,106,66%,22%,0%,104,72%,24%,0%,104,69%,3%,21%,0%,74%,0%,62%,63%,,,,21%,82%,-48,SUPP,63%,3%,4%,,,,0%,5%,-11,SUPP,4%,,,,,,,,,,,,,,,,,,,,,,,,,,,,,,,,,,,,,,,,,,,,,,,,,,,,,,,,,,,,,,,,,,,,,,,,,,,,,,,,,,,,,105,107,,,,100,109,SUPP,106,106,102,,,,99,107,SUPP,104,105,103,,,,97,107,SUPP,104,,,,53%,92%,,,,32%,82%,,,,42%,87%,,,,37%,85%,,,,11%,54%,,,,0%,33%,,,,11%,31%,,,,0%,5%,56,97%,0,0%,4,7%,12,21%,16,28%,59,24%,76%,63%,5%,36%,0%,71%,7%,,,,,,,,,,106,106,55,27%,73%,60%,0%,33%,0%,70%,0%,2.7,1.0,4.4,-1.7,-3.3,-0.1,0.7,-0.9,2.3,108,105,172,62%,3%,107,105
1,11266,873,2045,143849,Hartford Junior School,Mayfield Crescent,Hartford,,Huntingdon,PE29 1UL,01480454695,E14001298,Huntingdon,0,,,AC,0,Does not apply,7-11,0,0,215,53,50,28,22,56%,44%,,,,,,,,,,14,28%,36,72%,16,32%,49,98%,48%,8%,,,,,,,,,,,,,64%,24%,2%,104,72%,32%,2%,104,74%,18%,0%,104,66%,8%,24%,0%,82%,0%,43%,55%,,,,29%,56%,-40,75%,47%,7%,9%,,,,7%,8%,-4,13%,8%,,,,,,,,,,,,,,,,,,,,,,,,,,,,,,,,,,,,,,,,,,,,,,,,,,,,,,,,,,,,,,,,,,,,,,,,,,,,,,,,,,,,,105,103,,,,100,105,107,104,104,103,,,,99,105,107,104,104,105,,,,100,106,108,104,,,,50%,69%,,,,50%,81%,,,,57%,81%,,,,43%,75%,,,,14%,28%,,,,14%,39%,,,,7%,22%,,,,7%,8%,34,68%,0,0%,4,8%,7,14%,11,22%,60,25%,75%,50%,2%,33%,0%,56%,2%,,,,,,,,,,105,103,54,33%,67%,30%,0%,28%,0%,31%,0%,-1.2,-3.0,0.6,-5.6,-7.4,-3.9,-2.8,-4.5,-1.2,103,101,164,43%,3%,104,103
1,2270,873,2060,110627,Benwick Primary School,High Street,Benwick,,March,PE15 0XA,01354677266,E14001390,North East Cambridgeshire,0,,,CY,0,Does not apply,4-11,0,0,98,13,14,5,9,36%,64%,,,,,,,,,,5,36%,9,64%,0,0%,10,71%,64%,7%,,,,,,,,,,,,,79%,21%,0%,104,64%,14%,0%,102,71%,21%,0%,102,79%,7%,14%,0%,79%,0%,SUPP,67%,,,,SUPP,SUPP,SUPP,,70%,SUPP,11%,,,,SUPP,SUPP,SUPP,,0%,,,,,,,,,,,,,,,,,,,,,,,,,,,,,,,,,,,,,,,,,,,,,,,,,,,,,,,,,,,,,,,,,,,,,,,,,,,,,,,,,,,,,SUPP,104,,,,SUPP,SUPP,,104,SUPP,101,,,,SUPP,SUPP,,103,SUPP,102,,,,SUPP,SUPP,,102,,,,SUPP,SUPP,,,,SUPP,SUPP,,,,SUPP,SUPP,,,,SUPP,SUPP,,,,SUPP,SUPP,,,,SUPP,SUPP,,,,SUPP,SUPP,,,,SUPP,SUPP,13,93%,1,7%,0,0%,2,14%,2,14%,16,31%,69%,44%,0%,SUPP,SUPP,SUPP,SUPP,,,,,,,,,,103,102,13,38%,62%,38%,0%,SUPP,SUPP,SUPP,SUPP,-3.4,-6.8,0.0,-2.7,-6.0,0.6,-7.8,-11.1,-4.6,103,98,43,49%,2%,104,101
1,9750,873,2015,148105,Girton Glebe Primary School,Cambridge Road,Girton,,Cambridge,CB3 0PN,01223276484,E14001512,St Neots and Mid Cambridgeshire,0,,,ACC,0,Does not apply,5-11,0,0,185,32,31,12,19,39%,61%,,,,,,,,,,3,10%,28,90%,8,26%,27,87%,61%,13%,,,,,,,,,,,,,81%,42%,0%,108,71%,35%,0%,106,81%,35%,0%,105,61%,13%,35%,0%,81%,0%,50%,68%,,,,SUPP,SUPP,SUPP,63%,59%,0%,21%,,,,SUPP,SUPP,SUPP,0%,15%,,,,,,,,,,,,,,,,,,,,,,,,,,,,,,,,,,,,,,,,,,,,,,,,,,,,,,,,,,,,,,,,,,,,,,,,,,,,,,,,,,,,,105,110,,,,SUPP,SUPP,107,108,104,107,,,,SUPP,SUPP,106,105,104,107,,,,SUPP,SUPP,104,106,,,,SUPP,SUPP,,,,SUPP,SUPP,,,,SUPP,SUPP,,,,SUPP,SUPP,,,,SUPP,SUPP,,,,SUPP,SUPP,,,,SUPP,SUPP,,,,SUPP,SUPP,23,74%,0,0%,1,3%,6,19%,7,23%,30,10%,90%,67%,23%,SUPP,SUPP,SUPP,SUPP,,,,,,,,,,107,107,22,14%,86%,64%,23%,SUPP,SUPP,SUPP,SUPP,2.1,-1.1,5.3,2.7,-0.3,5.7,1.5,-1.5,4.5,106,108,83,64%,19%,107,107
1,13444,873,2024,140483,Isle of Ely Primary School,School Road,,,Ely,CB6 2FG,01353612818,E14001224,Ely and East Cambridgeshire,0,,,AC,0,Does not apply,3-11,0,0,446,55,56,22,34,39%,61%,,,,,,,,,,3,5%,53,95%,4,7%,54,96%,71%,13%,,,,,,,,,,,,,91%,43%,0%,109,93%,46%,0%,108,88%,43%,0%,108,80%,18%,16%,0%,86%,0%,73%,71%,,,,SUPP,SUPP,SUPP,SUPP,72%,9%,15%,,,,SUPP,SUPP,SUPP,SUPP,13%,,,,,,,,,,,,,,,,,,,,,,,,,,,,,,,,,,,,,,,,,,,,,,,,,,,,,,,,,,,,,,,,,,,,,,,,,,,,,,,,,,,,,108,109,,,,SUPP,SUPP,SUPP,109,109,107,,,,SUPP,SUPP,SUPP,108,108,108,,,,SUPP,SUPP,SUPP,108,,,,SUPP,SUPP,,,,SUPP,SUPP,,,,SUPP,SUPP,,,,SUPP,SUPP,,,,SUPP,SUPP,,,,SUPP,SUPP,,,,SUPP,SUPP,,,,SUPP,SUPP,52,93%,0,0%,2,4%,6,11%,8,14%,55,16%,84%,67%,15%,56%,0%,70%,17%,,,,,,,,,,105,104,60,12%,88%,67%,13%,43%,0%,70%,15%,2.9,1.3,4.5,1.7,0.2,3.3,1.5,0.0,3.0,107,105,171,68%,13%,107,106
1,31226,873,2049,143941,The Weatheralls Primary School,Pratt Street,,,Soham,CB7 5BH,01353720456,E14001224,Ely and East Cambridgeshire,0,,,AC,0,Does not apply,3-11,0,0,367,48,48,24,24,50%,50%,,,,,,,,,,18,38%,30,63%,3,6%,45,94%,44%,0%,,,,,,,,,,,,,67%,19%,2%,103,60%,13%,2%,101,69%,8%,2%,102,46%,0%,31%,2%,60%,2%,42%,46%,,,,44%,43%,-25,SUPP,47%,0%,0%,,,,0%,0%,-11,SUPP,0%,,,,,,,,,,,,,,,,,,,,,,,,,,,,,,,,,,,,,,,,,,,,,,,,,,,,,,,,,,,,,,,,,,,,,,,,,,,,,,,,,,,,,103,102,,,,105,101,SUPP,103,103,100,,,,102,102,SUPP,102,101,101,,,,102,101,SUPP,101,,,,78%,60%,,,,61%,60%,,,,67%,70%,,,,44%,47%,,,,28%,13%,,,,11%,13%,,,,6%,10%,,,,0%,0%,45,94%,0,0%,6,13%,7,15%,13,27%,76,22%,78%,32%,4%,41%,0%,29%,5%,,,,,,,,,,102,102,72,31%,69%,40%,0%,14%,0%,52%,0%,-2.0,-3.5,-0.6,-3.2,-4.6,-1.8,-3.9,-5.3,-2.5,104,101,196,38%,2%,103,101
1,1544,873,2058,145801,Bar Hill Community Primary School,Gladeside,Bar Hill,,Cambridge,CB23 8DY,01954273305,E14001512,St Neots and Mid Cambridgeshire,0,,,ACC,0,Does not apply,4-11,0,0,252,43,42,19,23,45%,55%,,,,,,,,,,9,21%,33,79%,10,24%,40,95%,74%,12%,,,,,,,,,,,,,83%,45%,0%,108,81%,40%,0%,108,86%,29%,0%,107,76%,17%,12%,0%,88%,0%,74%,74%,,,,44%,82%,-25,80%,73%,11%,13%,,,,0%,15%,-11,10%,13%,,,,,,,,,,,,,,,,,,,,,,,,,,,,,,,,,,,,,,,,,,,,,,,,,,,,,,,,,,,,,,,,,,,,,,,,,,,,,,,,,,,,,106,109,,,,101,109,107,107,109,106,,,,102,108,109,107,108,107,,,,100,109,108,107,,,,56%,91%,,,,56%,88%,,,,56%,94%,,,,44%,85%,,,,11%,55%,,,,0%,52%,,,,0%,36%,,,,0%,21%,31,74%,1,2%,4,10%,4,10%,8,19%,52,12%,88%,67%,12%,33%,17%,72%,11%,,,,,,,,,,106,108,37,14%,86%,76%,14%,SUPP,SUPP,SUPP,SUPP,0.9,-1.2,3.0,0.4,-1.6,2.4,4.4,2.4,6.3,108,111,131,72%,12%,107,108
1,29404,873,2081,146357,Swaffham Prior Church of England Primary School,Station Road,Swaffham Prior,,Cambridge,CB25 0LG,01638741529,E14001224,Ely and East Cambridgeshire,0,,,AC,0,Church of England,3-11,0,0,95,18,17,9,8,53%,47%,,,,,,,,,,4,24%,13,76%,0,0%,17,100%,94%,18%,,,,,,,,,,,,,94%,47%,0%,109,82%,29%,0%,108,94%,41%,0%,110,94%,18%,0%,0%,94%,0%,100%,88%,,,,SUPP,SUPP,SUPP,,94%,33%,0%,,,,SUPP,SUPP,SUPP,,18%,,,,,,,,,,,,,,,,,,,,,,,,,,,,,,,,,,,,,,,,,,,,,,,,,,,,,,,,,,,,,,,,,,,,,,,,,,,,,,,,,,,,,111,107,,,,SUPP,SUPP,,109,113,106,,,,SUPP,SUPP,,110,110,105,,,,SUPP,SUPP,,108,,,,SUPP,SUPP,,,,SUPP,SUPP,,,,SUPP,SUPP,,,,SUPP,SUPP,,,,SUPP,SUPP,,,,SUPP,SUPP,,,,SUPP,SUPP,,,,SUPP,SUPP,17,100%,0,0%,1,6%,3,18%,4,24%,15,13%,87%,73%,0%,SUPP,SUPP,SUPP,SUPP,,,,,,,,,,108,107,8,38%,63%,63%,13%,SUPP,SUPP,SUPP,SUPP,-0.8,-5.2,3.5,-1.1,-5.3,3.1,1.3,-2.8,5.4,108,110,40,80%,10%,109,109
1,352,873,2083,110644,Alderman Payne Primary School,"9, Main Road",Parson Drove,,Wisbech,PE13 4JA,01945700275,E14001390,North East Cambridgeshire,0,,,CY,0,Does not apply,4-11,0,0,108,16,16,4,12,25%,75%,,,,,,,,,,6,38%,10,63%,0,0%,15,94%,75%,13%,,,,,,,,,,,,,75%,50%,0%,108,75%,13%,0%,104,94%,13%,0%,106,75%,19%,19%,0%,75%,0%,SUPP,83%,,,,50%,90%,-19,,73%,SUPP,8%,,,,0%,20%,-11,,13%,,,,,,,,,,,,,,,,,,,,,,,,,,,,,,,,,,,,,,,,,,,,,,,,,,,,,,,,,,,,,,,,,,,,,,,,,,,,,,,,,,,,,SUPP,108,,,,104,110,,107,SUPP,104,,,,102,108,,105,SUPP,105,,,,101,107,,104,,,,50%,90%,,,,50%,90%,,,,83%,100%,,,,50%,90%,,,,33%,60%,,,,17%,10%,,,,0%,20%,,,,0%,30%,16,100%,0,0%,0,0%,2,13%,2,13%,15,47%,53%,53%,7%,29%,0%,75%,13%,,,,,,,,,,105,103,14,21%,79%,64%,0%,SUPP,SUPP,SUPP,SUPP,1.4,-2.0,4.9,-1.2,-4.4,2.1,1.0,-2.2,4.2,104,103,45,64%,7%,106,104
1,8222,873,2092,142424,Elm Road Primary School,Elm Road,,,Wisbech,PE13 2TB,01945584591,E14001390,North East Cambridgeshire,0,,,ACC,0,Does not apply,4-11,0,0,206,31,31,18,13,58%,42%,,,,,,,,,,13,42%,18,58%,16,52%,30,97%,55%,3%,,,,,,,,,,,,,65%,23%,0%,102,58%,26%,0%,102,71%,32%,0%,104,55%,3%,19%,0%,74%,0%,44%,69%,,,,54%,56%,-15,63%,57%,0%,8%,,,,0%,6%,-11,6%,3%,,,,,,,,,,,,,,,,,,,,,,,,,,,,,,,,,,,,,,,,,,,,,,,,,,,,,,,,,,,,,,,,,,,,,,,,,,,,,,,,,,,,,101,103,,,,102,102,103,102,103,105,,,,104,103,106,104,100,105,,,,100,104,105,102,,,,62%,67%,,,,54%,61%,,,,69%,72%,,,,54%,56%,,,,23%,22%,,,,23%,28%,,,,38%,28%,,,,0%,6%,15,48%,0,0%,1,3%,6,19%,7,23%,30,20%,80%,53%,0%,33%,0%,58%,0%,,,,,,,,,,104,104,28,32%,68%,64%,4%,56%,0%,68%,5%,-0.1,-2.7,2.4,-1.7,-4.1,0.7,-0.4,-2.8,2.0,108,106,89,57%,2%,104,105
1,27852,873,2115,110663,Shirley Community Primary School,Nuffield Road,Chesterton,,Cambridge,CB4 1TF,01223712252,E14001149,Cambridge,0,,,CY,0,Does not apply,4-11,0,0,344,54,51,19,32,37%,63%,,,,,,,,,,24,47%,27,53%,17,33%,45,88%,43%,8%,,,,,,,,,,,,,61%,27%,2%,104,67%,27%,2%,104,63%,24%,2%,102,51%,8%,20%,2%,65%,0%,32%,50%,,,,29%,56%,-40,65%,44%,0%,13%,,,,0%,15%,-11,12%,9%,,,,,,,,,,,,,,,,,,,,,,,,,,,,,,,,,,,,,,,,,,,,,,,,,,,,,,,,,,,,,,,,,,,,,,,,,,,,,,,,,,,,,102,106,,,,101,107,109,104,99,104,,,,99,105,107,102,101,105,,,,99,107,110,104,,,,42%,78%,,,,50%,81%,,,,46%,78%,,,,42%,59%,,,,8%,44%,,,,8%,44%,,,,8%,37%,,,,0%,15%,34,67%,0,0%,5,10%,12,24%,17,33%,45,42%,58%,44%,9%,37%,0%,50%,15%,,,,,,,,,,101,100,60,50%,50%,50%,5%,33%,0%,67%,10%,-0.8,-2.5,0.9,-3.6,-5.3,-2.0,-1.0,-2.6,0.6,105,105,156,46%,7%,104,103
1,1044,873,2217,110685,The Ashbeach Primary School,Ashbeach Drove,Ramsey St Mary's,,Huntingdon,PE26 2TG,01733844262,E14001401,North West Cambridgeshire,0,,,CY,0,Does not apply,4-11,0,0,134,20,19,9,10,47%,53%,,,,,,,,,,9,47%,10,53%,1,5%,17,89%,63%,0%,,,,,,,,,,,,,74%,37%,0%,104,68%,26%,0%,105,68%,5%,0%,102,68%,0%,11%,0%,68%,0%,56%,70%,,,,44%,80%,-25,SUPP,65%,0%,0%,,,,0%,0%,-11,SUPP,0%,,,,,,,,,,,,,,,,,,,,,,,,,,,,,,,,,,,,,,,,,,,,,,,,,,,,,,,,,,,,,,,,,,,,,,,,,,,,,,,,,,,,,101,106,,,,103,104,SUPP,104,104,100,,,,100,103,SUPP,102,102,108,,,,102,107,SUPP,105,,,,67%,80%,,,,56%,80%,,,,56%,80%,,,,56%,80%,,,,22%,50%,,,,11%,40%,,,,0%,10%,,,,0%,0%,18,95%,0,0%,3,16%,2,11%,5,26%,23,43%,57%,55%,0%,56%,0%,54%,0%,,,,,,,,,,104,103,18,17%,83%,72%,11%,SUPP,SUPP,SUPP,SUPP,0.0,-3.0,3.0,-1.3,-4.2,1.6,-1.2,-4.0,1.6,106,104,60,63%,3%,104,103
1,30616,873,2226,146050,Upwood Primary Academy,Ramsey Road,Upwood,,Huntingdon,PE26 2QA,01487813510,E14001298,Huntingdon,0,,,ACC,0,Does not apply,5-11,0,0,200,31,31,15,16,48%,52%,,,,,,,,,,5,16%,26,84%,2,6%,31,100%,45%,0%,,,,,,,,,,,,,58%,29%,3%,103,52%,10%,3%,99,58%,32%,3%,102,65%,0%,23%,0%,90%,0%,47%,44%,,,,SUPP,SUPP,SUPP,SUPP,45%,0%,0%,,,,SUPP,SUPP,SUPP,SUPP,0%,,,,,,,,,,,,,,,,,,,,,,,,,,,,,,,,,,,,,,,,,,,,,,,,,,,,,,,,,,,,,,,,,,,,,,,,,,,,,,,,,,,,,105,102,,,,SUPP,SUPP,SUPP,103,104,101,,,,SUPP,SUPP,SUPP,102,100,99,,,,SUPP,SUPP,SUPP,99,,,,SUPP,SUPP,,,,SUPP,SUPP,,,,SUPP,SUPP,,,,SUPP,SUPP,,,,SUPP,SUPP,,,,SUPP,SUPP,,,,SUPP,SUPP,,,,SUPP,SUPP,29,94%,0,0%,1,3%,7,23%,8,26%,32,34%,66%,38%,0%,0%,0%,57%,0%,,,,,,,,,,100,101,28,18%,82%,46%,0%,SUPP,SUPP,SUPP,SUPP,-0.9,-3.2,1.4,-2.3,-4.6,-0.1,-0.9,-3.1,1.2,103,102,91,43%,0%,102,102
1,30984,873,2256,146929,Warboys Primary Academy,Humberdale Way,Warboys,,Huntingdon,PE28 2RX,01487822317,E14001298,Huntingdon,0,,,ACC,0,Does not apply,5-11,0,0,318,48,48,21,27,44%,56%,,,,,,,,,,14,29%,34,71%,1,2%,43,90%,48%,4%,,,,,,,,,,,,,81%,19%,0%,105,65%,17%,0%,103,75%,19%,0%,103,63%,6%,27%,0%,83%,0%,43%,52%,,,,21%,59%,-48,SUPP,51%,0%,7%,,,,0%,6%,-11,SUPP,5%,,,,,,,,,,,,,,,,,,,,,,,,,,,,,,,,,,,,,,,,,,,,,,,,,,,,,,,,,,,,,,,,,,,,,,,,,,,,,,,,,,,,,103,106,,,,103,105,SUPP,105,105,102,,,,99,105,SUPP,104,101,105,,,,100,104,SUPP,103,,,,71%,85%,,,,57%,68%,,,,57%,82%,,,,29%,76%,,,,7%,24%,,,,0%,24%,,,,0%,26%,,,,0%,9%,47,98%,0,0%,2,4%,12,25%,14,29%,39,41%,59%,49%,0%,38%,0%,57%,0%,,,,,,,,,,103,102,49,29%,71%,71%,8%,57%,14%,77%,6%,0.9,-0.9,2.7,-0.5,-2.2,1.2,-0.3,-2.0,1.4,106,104,136,57%,4%,105,103
1,11092,873,2315,110748,Hardwick and Cambourne Community Primary School,Limes Road,Hardwick,,Cambridge,CB23 7RE,01954210070,E14001481,South Cambridgeshire,0,,,CY,0,Does not apply,4-11,0,0,570,102,95,40,55,42%,58%,,,,,,,,,,26,27%,69,73%,25,26%,75,79%,56%,4%,,,,,,,,,,,,,78%,36%,3%,106,67%,25%,3%,104,63%,19%,3%,103,73%,9%,24%,0%,82%,0%,53%,58%,,,,42%,61%,-27,60%,53%,5%,4%,,,,0%,6%,-11,8%,3%,,,,,,,,,,,,,,,,,,,,,,,,,,,,,,,,,,,,,,,,,,,,,,,,,,,,,,,,,,,,,,,,,,,,,,,,,,,,,,,,,,,,,106,106,,,,103,107,106,105,104,102,,,,100,104,106,102,103,105,,,,101,105,106,104,,,,65%,83%,,,,58%,71%,,,,46%,70%,,,,58%,78%,,,,27%,39%,,,,19%,28%,,,,19%,19%,,,,4%,12%,70,74%,0,0%,3,3%,25,26%,28,29%,94,21%,79%,62%,9%,30%,10%,70%,8%,,,,,,,,,,108,105,77,16%,84%,53%,5%,50%,0%,54%,6%,2.4,0.9,3.8,-2.1,-3.5,-0.7,1.2,-0.1,2.6,106,105,266,57%,6%,107,104
1,25754,873,2317,110750,St Matthew's Primary School,19 Norfolk Street,,,Cambridge,CB1 2LD,01223568838,E14001149,Cambridge,0,,,CY,0,Does not apply,3-11,0,0,646,91,90,50,40,56%,44%,,,,,,,,,,14,16%,76,84%,29,32%,85,94%,76%,14%,,,,,,,,,,,,,82%,57%,1%,110,83%,49%,1%,109,88%,43%,1%,108,79%,18%,19%,1%,86%,1%,70%,83%,,,,36%,83%,-33,90%,76%,10%,20%,,,,0%,17%,-11,14%,15%,,,,,,,,,,,,,,,,,,,,,,,,,,,,,,,,,,,,,,,,,,,,,,,,,,,,,,,,,,,,,,,,,,,,,,,,,,,,,,,,,,,,,108,112,,,,103,111,110,109,108,108,,,,101,110,111,108,108,110,,,,102,110,112,109,,,,57%,87%,,,,64%,87%,,,,57%,93%,,,,57%,83%,,,,14%,64%,,,,14%,55%,,,,14%,49%,,,,0%,21%,60,67%,1,1%,3,3%,15,17%,18,20%,90,21%,79%,68%,13%,16%,0%,82%,17%,,,,,,,,,,108,106,90,20%,80%,73%,12%,39%,0%,82%,15%,1.8,0.4,3.1,-1.3,-2.6,0.0,0.2,-1.1,1.5,109,107,270,72%,13%,109,107
1,17246,873,2449,131996,Monkfield Park Primary School,School Lane,Cambourne,,Cambridge,CB23 5AX,01954273377,E14001512,St Neots and Mid Cambridgeshire,0,,,CY,0,Does not apply,4-11,0,0,407,64,63,26,37,41%,59%,,,,,,,,,,17,27%,46,73%,19,30%,59,94%,68%,6%,,,,,,,,,,,,,78%,44%,0%,107,75%,22%,0%,104,81%,41%,0%,107,79%,8%,14%,0%,90%,0%,81%,59%,,,,35%,80%,-34,84%,69%,8%,5%,,,,6%,7%,-5,5%,7%,,,,,,,,,,,,,,,,,,,,,,,,,,,,,,,,,,,,,,,,,,,,,,,,,,,,,,,,,,,,,,,,,,,,,,,,,,,,,,,,,,,,,110,105,,,,101,109,109,107,110,105,,,,102,109,110,107,106,103,,,,99,106,106,104,,,,53%,87%,,,,41%,87%,,,,53%,91%,,,,53%,89%,,,,18%,54%,,,,6%,28%,,,,29%,46%,,,,6%,9%,44,70%,0,0%,0,0%,14,22%,14,22%,63,21%,79%,65%,14%,38%,0%,72%,18%,,,,,,,,,,107,107,64,20%,80%,67%,8%,54%,0%,71%,10%,-1.2,-2.8,0.5,-0.1,-1.7,1.5,0.0,-1.5,1.6,106,107,190,67%,9%,106,107
1,6710,873,2451,141297,Cromwell Academy,Parkway,Hinchingbrooke Park,,Huntingdon,PE29 6JA,01480437830,E14001298,Huntingdon,0,,,ACC,0,Does not apply,2-11,0,0,233,33,32,17,15,53%,47%,,,,,,,,,,11,34%,21,66%,6,19%,31,97%,63%,6%,,,,,,,,,,,,,75%,34%,0%,105,84%,34%,0%,107,72%,16%,0%,102,75%,13%,19%,0%,97%,0%,65%,60%,,,,36%,76%,-33,83%,65%,6%,7%,,,,0%,10%,-11,0%,6%,,,,,,,,,,,,,,,,,,,,,,,,,,,,,,,,,,,,,,,,,,,,,,,,,,,,,,,,,,,,,,,,,,,,,,,,,,,,,,,,,,,,,106,104,,,,102,107,104,105,104,100,,,,97,105,103,102,106,107,,,,102,109,110,106,,,,55%,86%,,,,82%,86%,,,,45%,86%,,,,64%,81%,,,,18%,43%,,,,0%,52%,,,,9%,19%,,,,0%,19%,26,81%,0,0%,2,6%,5,16%,7,22%,31,26%,74%,55%,6%,13%,0%,70%,9%,,,,,,,,,,107,104,32,22%,78%,63%,6%,43%,0%,68%,8%,2.7,0.4,4.9,-0.3,-2.5,1.8,1.4,-0.7,3.6,107,105,95,60%,6%,106,104
1,13812,873,2021,139088,Kennett Primary School,Howe Hill Road,Kennett,,Newmarket,CB8 7WL,01638750386,E14001224,Ely and East Cambridgeshire,0,,,ACC,0,Does not apply,2-11,0,0,115,11,11,8,3,73%,27%,,,,,,,,,,2,18%,9,82%,1,9%,11,100%,55%,18%,,,,,,,,,,,,,91%,73%,9%,113,82%,27%,9%,107,82%,45%,9%,110,64%,18%,27%,9%,91%,9%,63%,SUPP,,,,SUPP,SUPP,SUPP,SUPP,55%,13%,SUPP,,,,SUPP,SUPP,SUPP,SUPP,18%,,,,,,,,,,,,,,,,,,,,,,,,,,,,,,,,,,,,,,,,,,,,,,,,,,,,,,,,,,,,,,,,,,,,,,,,,,,,,,,,,,,,,112,SUPP,,,,SUPP,SUPP,SUPP,113,111,SUPP,,,,SUPP,SUPP,SUPP,110,106,SUPP,,,,SUPP,SUPP,SUPP,107,,,,SUPP,SUPP,,,,SUPP,SUPP,,,,SUPP,SUPP,,,,SUPP,SUPP,,,,SUPP,SUPP,,,,SUPP,SUPP,,,,SUPP,SUPP,,,,SUPP,SUPP,10,91%,0,0%,0,0%,3,27%,3,27%,14,14%,86%,43%,7%,SUPP,SUPP,SUPP,SUPP,,,,,,,,,,102,101,12,25%,75%,67%,17%,SUPP,SUPP,SUPP,SUPP,0.5,-3.2,4.2,1.3,-2.3,4.9,-1.4,-4.9,2.1,106,104,37,54%,14%,107,104
1,9874,873,2036,141690,Godmanchester Bridge Academy,2 Butcher Drive,,,Godmanchester,PE29 2NL,01480276599,E14001298,Huntingdon,0,,,AC,0,Does not apply,4-11,0,0,260,30,28,12,16,43%,57%,,,,,,,,,,15,54%,13,46%,6,21%,25,89%,57%,7%,,,,,,,,,,,,,79%,36%,0%,108,75%,25%,0%,106,68%,14%,0%,105,64%,7%,21%,0%,75%,0%,33%,75%,,,,47%,69%,-22,50%,64%,0%,13%,,,,0%,15%,-11,17%,8%,,,,,,,,,,,,,,,,,,,,,,,,,,,,,,,,,,,,,,,,,,,,,,,,,,,,,,,,,,,,,,,,,,,,,,,,,,,,,,,,,,,,,106,109,,,,108,109,108,108,103,105,,,,103,106,111,105,103,107,,,,104,107,108,106,,,,73%,85%,,,,67%,85%,,,,60%,77%,,,,47%,85%,,,,27%,46%,,,,13%,38%,,,,7%,23%,,,,0%,15%,22,79%,0,0%,3,11%,6,21%,9,32%,33,30%,70%,61%,3%,60%,0%,61%,4%,,,,,,,,,,108,105,26,31%,69%,62%,4%,38%,0%,72%,6%,1.3,-1.2,3.7,-2.4,-4.7,0.0,-0.9,-3.2,1.4,106,103,87,60%,5%,107,105
1,17660,873,2053,145147,Murrow Primary Academy,73 Murrow Bank,Murrow,,Wisbech,PE13 4HD,01945700357,E14001390,North East Cambridgeshire,0,,,AC,0,None,4-11,0,0,106,15,15,6,9,40%,60%,,,,,,,,,,4,27%,11,73%,2,13%,14,93%,47%,0%,,,,,,,,,,,,,73%,27%,0%,103,60%,13%,0%,102,73%,0%,0%,101,53%,13%,40%,0%,73%,0%,50%,44%,,,,SUPP,SUPP,SUPP,SUPP,50%,0%,0%,,,,SUPP,SUPP,SUPP,SUPP,0%,,,,,,,,,,,,,,,,,,,,,,,,,,,,,,,,,,,,,,,,,,,,,,,,,,,,,,,,,,,,,,,,,,,,,,,,,,,,,,,,,,,,,101,105,,,,SUPP,SUPP,SUPP,103,101,102,,,,SUPP,SUPP,SUPP,102,101,103,,,,SUPP,SUPP,SUPP,102,,,,SUPP,SUPP,,,,SUPP,SUPP,,,,SUPP,SUPP,,,,SUPP,SUPP,,,,SUPP,SUPP,,,,SUPP,SUPP,,,,SUPP,SUPP,,,,SUPP,SUPP,13,87%,0,0%,0,0%,6,40%,6,40%,11,45%,55%,27%,0%,SUPP,SUPP,SUPP,SUPP,,,,,,,,,,100,98,12,42%,58%,75%,0%,SUPP,SUPP,SUPP,SUPP,1.2,-2.5,5.0,-0.6,-4.0,2.8,0.7,-2.8,4.2,107,105,38,50%,0%,103,101
1,32368,873,2054,110622,Willingham Primary School,Thodays Close,Willingham,,Cambridge,CB24 5LE,01954283030,E14001512,St Neots and Mid Cambridgeshire,0,,,CY,0,Does not apply,4-11,0,0,341,38,37,23,14,62%,38%,,,,,,,,,,6,16%,31,84%,4,11%,34,92%,51%,3%,,,,,,,,,,,,,68%,32%,3%,105,73%,8%,3%,103,70%,27%,3%,104,62%,5%,30%,3%,86%,3%,52%,50%,,,,17%,58%,-52,SUPP,53%,4%,0%,,,,0%,3%,-11,SUPP,3%,,,,,,,,,,,,,,,,,,,,,,,,,,,,,,,,,,,,,,,,,,,,,,,,,,,,,,,,,,,,,,,,,,,,,,,,,,,,,,,,,,,,,104,105,,,,104,105,SUPP,105,104,103,,,,102,104,SUPP,104,103,105,,,,103,104,SUPP,104,,,,67%,68%,,,,83%,71%,,,,67%,71%,,,,50%,65%,,,,17%,35%,,,,0%,10%,,,,0%,32%,,,,0%,6%,33,89%,0,0%,0,0%,4,11%,4,11%,45,24%,76%,42%,2%,18%,0%,50%,3%,,,,,,,,,,106,101,52,31%,69%,44%,0%,13%,0%,58%,0%,0.1,-1.6,1.9,-2.7,-4.4,-1.0,-1.3,-2.9,0.4,104,102,134,46%,1%,105,102
1,6442,873,2006,110604,Cottenham Primary School,Lambs Lane,Cottenham,,Cambridge,CB24 8TA,01954250227,E14001224,Ely and East Cambridgeshire,0,,,CY,0,Does not apply,5-11,0,0,480,75,73,38,35,52%,48%,,,,,,,,,,17,23%,56,77%,7,10%,69,95%,61%,8%,,,,,,,,,,,,,82%,44%,1%,107,78%,37%,1%,107,75%,26%,1%,105,71%,15%,25%,0%,85%,0%,54%,69%,,,,13%,75%,-56,29%,62%,11%,6%,,,,0%,11%,-11,0%,9%,,,,,,,,,,,,,,,,,,,,,,,,,,,,,,,,,,,,,,,,,,,,,,,,,,,,,,,,,,,,,,,,,,,,,,,,,,,,,,,,,,,,,107,108,,,,98,110,107,108,106,105,,,,98,107,106,106,106,109,,,,97,110,106,108,,,,41%,95%,,,,29%,93%,,,,35%,88%,,,,19%,86%,,,,0%,57%,,,,0%,48%,,,,0%,34%,,,,0%,20%,66,90%,0,0%,4,5%,9,12%,13,18%,74,22%,78%,72%,14%,50%,0%,78%,17%,,,,,,,,,,106,105,79,18%,82%,70%,11%,43%,7%,75%,12%,-1.1,-2.5,0.4,-1.9,-3.3,-0.5,-1.2,-2.6,0.1,107,106,226,68%,11%,107,105
1,30334,873,2000,136802,Trumpington Meadows Primary School,Kestrel Rise,Trumpington,,Cambridge,CB2 9AY,01223840299,E14001481,South Cambridgeshire,0,,,FD,0,None,4-11,0,0,250,29,27,11,16,41%,59%,,,,,,,,,,15,56%,12,44%,12,44%,23,85%,63%,4%,,,,,,,,,,,,,74%,26%,0%,105,74%,22%,0%,103,81%,19%,0%,105,70%,4%,26%,0%,85%,0%,45%,75%,,,,53%,75%,-16,67%,61%,9%,0%,,,,0%,8%,-11,8%,4%,,,,,,,,,,,,,,,,,,,,,,,,,,,,,,,,,,,,,,,,,,,,,,,,,,,,,,,,,,,,,,,,,,,,,,,,,,,,,,,,,,,,,104,106,,,,103,108,105,105,105,104,,,,102,108,106,104,103,104,,,,102,105,104,103,,,,73%,75%,,,,67%,83%,,,,67%,100%,,,,53%,92%,,,,7%,50%,,,,13%,33%,,,,7%,33%,,,,0%,8%,15,56%,0,0%,0,0%,5,19%,5,19%,24,42%,58%,67%,8%,40%,0%,86%,14%,,,,,,,,,,105,103,51,61%,39%,45%,2%,39%,3%,55%,0%,1.7,-0.1,3.5,0.1,-1.6,1.8,2.2,0.5,3.8,102,102,102,55%,4%,104,103
1,11388,873,2007,138993,Hatton Park Primary School,Hatton's Park,,Longstanton,Cambridge,CB24 3DL,01954273315,E14001512,St Neots and Mid Cambridgeshire,0,,,AC,0,Does not apply,4-11,0,0,415,61,59,29,30,49%,51%,,,,,,,,,,8,14%,51,86%,14,24%,58,98%,68%,15%,,,,,,,,,,,,,80%,37%,0%,107,80%,44%,0%,108,86%,29%,0%,107,80%,15%,15%,0%,86%,0%,62%,73%,,,,50%,71%,-19,86%,67%,0%,30%,,,,13%,16%,2,29%,16%,,,,,,,,,,,,,,,,,,,,,,,,,,,,,,,,,,,,,,,,,,,,,,,,,,,,,,,,,,,,,,,,,,,,,,,,,,,,,,,,,,,,,105,109,,,,102,108,110,107,106,107,,,,105,107,110,107,107,109,,,,102,109,111,108,,,,50%,84%,,,,50%,84%,,,,100%,84%,,,,63%,82%,,,,13%,41%,,,,13%,49%,,,,13%,31%,,,,13%,16%,44,75%,1,2%,3,5%,9,15%,12,20%,53,28%,72%,64%,0%,53%,0%,68%,0%,,,,,,,,,,107,105,56,20%,80%,70%,11%,64%,9%,71%,11%,3.2,1.5,4.9,-0.1,-1.7,1.6,2.2,0.6,3.8,109,107,168,67%,9%,108,106
1,9530,873,2014,142638,Gamlingay Village Primary,Station Road,,,Sandy,SG19 3HD,01767650208,E14001481,South Cambridgeshire,0,,,ACC,0,Does not apply,3-11,0,0,395,57,58,30,28,52%,48%,,,,,,,,,,13,22%,45,78%,1,2%,57,98%,45%,0%,,,,,,,,,,,,,66%,36%,0%,103,55%,14%,0%,101,57%,16%,0%,101,60%,0%,31%,0%,88%,0%,33%,57%,,,,23%,51%,-46,SUPP,46%,0%,0%,,,,0%,0%,-11,SUPP,0%,,,,,,,,,,,,,,,,,,,,,,,,,,,,,,,,,,,,,,,,,,,,,,,,,,,,,,,,,,,,,,,,,,,,,,,,,,,,,,,,,,,,,100,107,,,,96,105,SUPP,103,100,102,,,,97,102,SUPP,101,98,105,,,,96,103,SUPP,101,,,,38%,73%,,,,23%,64%,,,,46%,60%,,,,31%,69%,,,,15%,42%,,,,8%,16%,,,,15%,16%,,,,0%,0%,57,98%,0,0%,7,12%,8,14%,15,26%,60,13%,87%,53%,3%,57%,0%,52%,4%,,,,,,,,,,105,101,55,11%,89%,51%,5%,17%,0%,55%,6%,0.5,-1.1,2.2,-0.2,-1.8,1.4,-2.9,-4.4,-1.3,107,102,173,49%,3%,105,101
1,16648,873,2025,140622,Meadow Primary School,High Street,Balsham,,Cambridge,CB21 4DJ,01223894400,E14001481,South Cambridgeshire,0,,,AC,0,Does not apply,3-11,0,0,207,22,23,12,11,52%,48%,,,,,,,,,,2,9%,21,91%,0,0%,22,96%,65%,13%,,,,,,,,,,,,,78%,35%,0%,106,83%,22%,0%,106,78%,22%,0%,105,87%,22%,13%,0%,87%,0%,58%,73%,,,,SUPP,SUPP,SUPP,,68%,8%,18%,,,,SUPP,SUPP,SUPP,,14%,,,,,,,,,,,,,,,,,,,,,,,,,,,,,,,,,,,,,,,,,,,,,,,,,,,,,,,,,,,,,,,,,,,,,,,,,,,,,,,,,,,,,105,107,,,,SUPP,SUPP,,106,106,104,,,,SUPP,SUPP,,105,106,106,,,,SUPP,SUPP,,106,,,,SUPP,SUPP,,,,SUPP,SUPP,,,,SUPP,SUPP,,,,SUPP,SUPP,,,,SUPP,SUPP,,,,SUPP,SUPP,,,,SUPP,SUPP,,,,SUPP,SUPP,23,100%,0,0%,2,9%,2,9%,4,17%,25,32%,68%,68%,20%,75%,13%,65%,24%,,,,,,,,,,109,104,35,17%,83%,57%,9%,17%,0%,66%,10%,1.7,-0.4,3.7,-1.6,-3.6,0.4,0.8,-1.1,2.8,108,106,83,63%,13%,108,105
1,26520,873,2032,141213,St Peter's CofE Aided Junior School,Trafford Road,,,Wisbech,PE13 2ES,01945583570,E14001390,North East Cambridgeshire,0,,,AC,0,Church of England,7-11,0,0,231,61,59,24,35,41%,59%,,,,,,,,,,27,46%,32,54%,17,29%,49,83%,54%,0%,,,,,,,,,,,,,68%,25%,2%,103,56%,10%,2%,101,64%,22%,3%,103,66%,0%,27%,0%,80%,0%,38%,66%,,,,41%,66%,-28,76%,57%,0%,0%,,,,0%,0%,-11,0%,0%,,,,,,,,,,,,,,,,,,,,,,,,,,,,,,,,,,,,,,,,,,,,,,,,,,,,,,,,,,,,,,,,,,,,,,,,,,,,,,,,,,,,,102,104,,,,102,104,105,104,104,102,,,,101,104,105,104,99,101,,,,99,102,102,101,,,,59%,75%,,,,41%,69%,,,,52%,75%,,,,56%,75%,,,,26%,25%,,,,4%,16%,,,,11%,31%,,,,0%,0%,40,68%,2,3%,2,3%,10,17%,12,20%,53,43%,57%,30%,0%,13%,0%,43%,0%,,,,,,,,,,100,98,55,42%,58%,45%,2%,43%,0%,47%,3%,-0.7,-2.3,1.0,-0.4,-2.0,1.2,-0.5,-2.1,1.1,102,101,167,44%,1%,102,101
1,29740,873,2050,143955,Thomas Eaton Primary Academy,Church Street,Wimblington,,March,PE15 0QS,01354740392,E14001390,North East Cambridgeshire,0,,,AC,0,Does not apply,2-11,0,0,132,13,15,8,7,53%,47%,,,,,,,,,,9,60%,6,40%,1,7%,13,87%,27%,0%,,,,,,,,,,,,,60%,27%,7%,106,47%,27%,7%,105,40%,0%,7%,99,40%,0%,13%,7%,47%,20%,25%,29%,,,,0%,67%,-69,SUPP,31%,0%,0%,,,,0%,0%,-11,SUPP,0%,,,,,,,,,,,,,,,,,,,,,,,,,,,,,,,,,,,,,,,,,,,,,,,,,,,,,,,,,,,,,,,,,,,,,,,,,,,,,,,,,,,,,108,105,,,,102,111,SUPP,106,101,97,,,,94,104,SUPP,99,105,106,,,,100,111,SUPP,105,,,,44%,83%,,,,22%,83%,,,,22%,67%,,,,11%,83%,,,,0%,67%,,,,0%,67%,,,,0%,0%,,,,0%,0%,14,93%,0,0%,4,27%,3,20%,7,47%,18,44%,56%,44%,0%,38%,0%,50%,0%,,,,,,,,,,102,100,26,38%,62%,50%,0%,60%,0%,44%,0%,0.7,-1.8,3.1,-1.2,-3.6,1.1,-2.8,-5.1,-0.5,104,100,59,42%,0%,104,100
1,7334,873,2057,144054,Ditton Lodge Primary School,St Johns Avenue,,,Newmarket,CB8 8BL,01638613001,E14001224,Ely and East Cambridgeshire,0,,,ACC,0,Does not apply,4-11,0,0,208,28,28,12,16,43%,57%,,,,,,,,,,4,14%,24,86%,6,21%,26,93%,96%,18%,,,,,,,,,,,,,96%,32%,0%,107,93%,25%,0%,106,100%,29%,0%,108,96%,32%,4%,0%,100%,0%,92%,100%,,,,SUPP,SUPP,SUPP,100%,96%,25%,13%,,,,SUPP,SUPP,SUPP,17%,19%,,,,,,,,,,,,,,,,,,,,,,,,,,,,,,,,,,,,,,,,,,,,,,,,,,,,,,,,,,,,,,,,,,,,,,,,,,,,,,,,,,,,,107,108,,,,SUPP,SUPP,108,108,109,107,,,,SUPP,SUPP,108,108,105,106,,,,SUPP,SUPP,107,106,,,,SUPP,SUPP,,,,SUPP,SUPP,,,,SUPP,SUPP,,,,SUPP,SUPP,,,,SUPP,SUPP,,,,SUPP,SUPP,,,,SUPP,SUPP,,,,SUPP,SUPP,22,79%,0,0%,0,0%,4,14%,4,14%,27,15%,85%,78%,26%,SUPP,SUPP,SUPP,SUPP,,,,,,,,,,107,109,21,19%,81%,71%,24%,SUPP,SUPP,SUPP,SUPP,1.2,-1.5,3.9,0.8,-1.8,3.4,0.8,-1.7,3.3,108,109,76,83%,22%,108,109
1,30182,873,2064,110630,Townley Primary School,Crown Road,Christchurch,,Wisbech,PE14 9NA,01354638229,E14001390,North East Cambridgeshire,0,,,CY,0,Does not apply,2-11,0,0,104,17,16,6,10,38%,63%,,,,,,,,,,2,13%,14,88%,0,0%,16,100%,38%,6%,,,,,,,,,,,,,75%,25%,0%,103,56%,6%,0%,101,50%,6%,0%,99,50%,6%,38%,0%,63%,0%,0%,60%,,,,SUPP,SUPP,SUPP,,38%,0%,10%,,,,SUPP,SUPP,SUPP,,6%,,,,,,,,,,,,,,,,,,,,,,,,,,,,,,,,,,,,,,,,,,,,,,,,,,,,,,,,,,,,,,,,,,,,,,,,,,,,,,,,,,,,,99,106,,,,SUPP,SUPP,,103,96,100,,,,SUPP,SUPP,,99,98,102,,,,SUPP,SUPP,,101,,,,SUPP,SUPP,,,,SUPP,SUPP,,,,SUPP,SUPP,,,,SUPP,SUPP,,,,SUPP,SUPP,,,,SUPP,SUPP,,,,SUPP,SUPP,,,,SUPP,SUPP,16,100%,0,0%,3,19%,2,13%,5,31%,7,14%,86%,43%,14%,SUPP,SUPP,SUPP,SUPP,,,,,,,,,,103,105,13,23%,77%,31%,0%,SUPP,SUPP,SUPP,SUPP,0.0,-3.5,3.6,-8.2,-11.6,-4.8,-4.3,-7.6,-0.9,105,99,36,36%,6%,104,100
1,16174,873,2075,110638,Manea Community Primary School,Station Road,,,Manea,PE15 0HA,01354680293,E14001390,North East Cambridgeshire,0,,,CY,0,Does not apply,4-11,0,0,211,31,31,15,16,48%,52%,,,,,,,,,,14,45%,17,55%,1,3%,31,100%,61%,3%,,,,,,,,,,,,,74%,32%,0%,106,61%,23%,0%,104,74%,13%,0%,103,68%,6%,29%,0%,84%,0%,53%,69%,,,,50%,71%,-19,SUPP,61%,0%,6%,,,,0%,6%,-11,SUPP,3%,,,,,,,,,,,,,,,,,,,,,,,,,,,,,,,,,,,,,,,,,,,,,,,,,,,,,,,,,,,,,,,,,,,,,,,,,,,,,,,,,,,,,105,107,,,,105,107,SUPP,106,102,104,,,,101,104,SUPP,103,103,105,,,,102,106,SUPP,104,,,,79%,71%,,,,50%,71%,,,,71%,76%,,,,57%,76%,,,,21%,41%,,,,14%,29%,,,,7%,18%,,,,0%,12%,30,97%,0,0%,1,3%,4,13%,5,16%,31,23%,77%,61%,10%,43%,0%,67%,13%,,,,,,,,,,107,104,32,28%,72%,44%,3%,33%,0%,48%,4%,-4.1,-6.4,-1.8,-4.1,-6.3,-1.9,-2.8,-5.0,-0.7,103,102,94,55%,5%,105,103
2,4738,873,7026,134972,"Castle School, Cambridge",Courtney Way,,,Cambridge,CB4 2EE,01223442400,E14001149,Cambridge,0,,,CYS,0,Does not apply,2-19,0,0,235,23,23,14,9,61%,39%,,,,,,,,,,13,57%,10,43%,3,13%,21,91%,0%,0%,,,,,,,,,,,,,0%,0%,4%,88,0%,0%,4%,90,0%,0%,4%,85,17%,0%,0%,0%,0%,0%,0%,0%,,,,0%,0%,-69,SUPP,0%,0%,0%,,,,0%,0%,-11,SUPP,0%,,,,,,,,,,,,,,,,,,,,,,,,,,,,,,,,,,,,,,,,,,,,,,,,,,,,,,,,,,,,,,,,,,,,,,,,,,,,,,,,,,,,,93,80,,,,87,92,SUPP,88,84,85,,,,83,90,SUPP,85,92,87,,,,92,85,SUPP,90,,,,0%,0%,,,,0%,0%,,,,0%,0%,,,,23%,10%,,,,0%,0%,,,,0%,0%,,,,0%,0%,,,,0%,0%,20,87%,0,0%,23,100%,0,0%,23,100%,11,45%,55%,0%,0%,SUPP,SUPP,SUPP,SUPP,,,,,,,,,,,,18,67%,33%,0%,0%,0%,0%,0%,0%,-3.5,-6.5,-0.5,-3.0,-5.9,-0.1,-3.9,-6.7,-1.1,,,52,0%,0%,SUPP,SUPP
1,13272,873,2202,148454,The Icknield Primary School,Lynton Way,,,Cambridge,CB22 3EA,01223508750,E14001481,South Cambridgeshire,0,,,ACC,0,Does not apply,4-11,0,0,196,32,29,11,18,38%,62%,,,,,,,,,,8,28%,21,72%,6,21%,26,90%,59%,10%,,,,,,,,,,,,,76%,31%,3%,105,55%,21%,0%,103,69%,14%,7%,104,76%,17%,7%,0%,79%,0%,55%,61%,,,,38%,67%,-31,50%,62%,9%,11%,,,,0%,14%,-11,17%,8%,,,,,,,,,,,,,,,,,,,,,,,,,,,,,,,,,,,,,,,,,,,,,,,,,,,,,,,,,,,,,,,,,,,,,,,,,,,,,,,,,,,,,102,107,,,,105,105,102,105,102,104,,,,100,105,104,103,101,105,,,,101,104,105,103,,,,75%,76%,,,,50%,57%,,,,38%,81%,,,,63%,81%,,,,0%,43%,,,,0%,29%,,,,0%,19%,,,,0%,24%,23,79%,0,0%,0,0%,11,38%,11,38%,28,21%,79%,71%,14%,17%,0%,86%,18%,,,,,,,,,,108,105,32,31%,69%,69%,9%,60%,0%,73%,14%,0.7,-1.7,3.1,0.4,-1.8,2.7,1.8,-0.4,4.1,106,108,89,66%,11%,106,106
1,11396,873,2205,110673,Hauxton Primary School,Jopling Way,Hauxton,,Cambridge,CB22 5HY,01223870634,E14001481,South Cambridgeshire,0,,,CY,0,Does not apply,4-11,0,0,75,13,13,8,5,62%,38%,,,,,,,,,,2,15%,11,85%,2,15%,12,92%,69%,15%,,,,,,,,,,,,,85%,69%,0%,111,77%,31%,0%,108,77%,54%,0%,109,69%,23%,23%,0%,92%,0%,75%,SUPP,,,,SUPP,SUPP,SUPP,SUPP,67%,0%,SUPP,,,,SUPP,SUPP,SUPP,SUPP,17%,,,,,,,,,,,,,,,,,,,,,,,,,,,,,,,,,,,,,,,,,,,,,,,,,,,,,,,,,,,,,,,,,,,,,,,,,,,,,,,,,,,,,112,SUPP,,,,SUPP,SUPP,SUPP,111,112,SUPP,,,,SUPP,SUPP,SUPP,109,110,SUPP,,,,SUPP,SUPP,SUPP,107,,,,SUPP,SUPP,,,,SUPP,SUPP,,,,SUPP,SUPP,,,,SUPP,SUPP,,,,SUPP,SUPP,,,,SUPP,SUPP,,,,SUPP,SUPP,,,,SUPP,SUPP,11,85%,0,0%,1,8%,3,23%,4,31%,15,20%,80%,53%,7%,SUPP,SUPP,SUPP,SUPP,,,,,,,,,,106,103,14,14%,86%,64%,21%,SUPP,SUPP,SUPP,SUPP,0.0,-3.3,3.3,0.0,-3.2,3.2,-0.9,-4.0,2.2,106,104,42,62%,14%,108,105
1,27324,873,2220,143575,Sawtry Junior Academy,Middlefield Road,Sawtry,,Huntingdon,PE28 5SH,01487830204,E14001298,Huntingdon,0,,,ACC,0,Does not apply,7-11,0,0,272,64,64,31,33,48%,52%,,,,,,,,,,18,28%,46,72%,5,8%,58,91%,50%,2%,,,,,,,,,,,,,70%,13%,0%,102,70%,16%,0%,103,64%,8%,0%,101,78%,11%,16%,0%,84%,0%,52%,48%,,,,11%,65%,-58,SUPP,52%,3%,0%,,,,0%,2%,-11,SUPP,2%,,,,,,,,,,,,,,,,,,,,,,,,,,,,,,,,,,,,,,,,,,,,,,,,,,,,,,,,,,,,,,,,,,,,,,,,,,,,,,,,,,,,,102,103,,,,97,104,SUPP,102,103,100,,,,96,103,SUPP,101,102,104,,,,98,105,SUPP,103,,,,39%,83%,,,,44%,80%,,,,33%,76%,,,,56%,87%,,,,0%,17%,,,,0%,22%,,,,0%,11%,,,,0%,15%,58,91%,1,2%,0,0%,12,19%,12,19%,90,31%,69%,59%,4%,50%,4%,63%,5%,,,,,,,,,,105,103,77,23%,77%,56%,3%,33%,0%,63%,3%,-0.8,-2.2,0.6,-2.6,-4.0,-1.2,-2.6,-3.9,-1.2,105,102,231,55%,3%,104,102
1,12318,873,2319,139086,Histon and Impington Park Primary School,Glebe Way,Histon,,Cambridge,CB24 9AQ,01223568826,E14001512,St Neots and Mid Cambridgeshire,0,,,ACC,0,Does not apply,4-11,0,0,403,62,60,26,34,43%,57%,,,,,,,,,,12,20%,48,80%,10,17%,53,88%,85%,8%,,,,,,,,,,,,,92%,55%,0%,110,95%,63%,0%,112,88%,48%,0%,109,92%,13%,3%,0%,90%,0%,88%,82%,,,,67%,90%,-2,90%,83%,0%,15%,,,,0%,10%,-11,0%,9%,,,,,,,,,,,,,,,,,,,,,,,,,,,,,,,,,,,,,,,,,,,,,,,,,,,,,,,,,,,,,,,,,,,,,,,,,,,,,,,,,,,,,111,109,,,,104,111,109,110,110,108,,,,103,110,110,109,111,112,,,,107,113,111,112,,,,83%,94%,,,,92%,96%,,,,75%,92%,,,,75%,96%,,,,17%,65%,,,,42%,69%,,,,17%,56%,,,,0%,17%,49,82%,1,2%,3,5%,11,18%,14,23%,,,,,,,,,,,,,,,,,,,,,,,,,,,,,,,,,,,,,,,,,,NA,NA,NA,NA
1,4264,873,2452,132031,Bushmead Primary School,Bushmead Road,Eaton Socon,,St Neots,PE19 8BT,01480375375,E14001512,St Neots and Mid Cambridgeshire,0,,,CY,0,Does not apply,4-11,0,0,380,60,59,28,31,47%,53%,,,,,,,,,,18,31%,41,69%,5,8%,55,93%,63%,2%,,,,,,,,,,,,,71%,31%,2%,105,73%,14%,2%,103,75%,22%,3%,104,68%,3%,10%,2%,80%,2%,64%,61%,,,,56%,66%,-13,SUPP,64%,4%,0%,,,,0%,2%,-11,SUPP,2%,,,,,,,,,,,,,,,,,,,,,,,,,,,,,,,,,,,,,,,,,,,,,,,,,,,,,,,,,,,,,,,,,,,,,,,,,,,,,,,,,,,,,107,103,,,,105,105,SUPP,105,106,102,,,,105,104,SUPP,104,103,102,,,,102,103,SUPP,103,,,,67%,73%,,,,67%,76%,,,,72%,76%,,,,61%,71%,,,,33%,29%,,,,17%,12%,,,,22%,22%,,,,0%,5%,54,92%,0,0%,0,0%,11,19%,11,19%,55,33%,67%,65%,2%,50%,0%,73%,3%,,,,,,,,,,105,104,52,37%,63%,60%,4%,47%,0%,67%,6%,0.1,-1.6,1.8,-2.1,-3.8,-0.5,0.3,-1.4,1.9,105,104,166,63%,2%,105,104
1,29400,873,3037,146469,Swaffham Bulbeck Church of England Primary School,84 High Street,Swaffham Bulbeck,,Cambridge,CB25 0LX,01223811595,E14001224,Ely and East Cambridgeshire,0,,,ACC,0,Church of England,3-11,0,0,90,15,16,4,12,25%,75%,,,,,,,,,,2,13%,14,88%,0,0%,15,94%,75%,13%,,,,,,,,,,,,,81%,38%,0%,108,63%,25%,0%,105,81%,31%,0%,107,75%,19%,6%,0%,88%,0%,SUPP,75%,,,,SUPP,SUPP,SUPP,,80%,SUPP,17%,,,,SUPP,SUPP,SUPP,,13%,,,,,,,,,,,,,,,,,,,,,,,,,,,,,,,,,,,,,,,,,,,,,,,,,,,,,,,,,,,,,,,,,,,,,,,,,,,,,,,,,,,,,SUPP,109,,,,SUPP,SUPP,,108,SUPP,106,,,,SUPP,SUPP,,107,SUPP,106,,,,SUPP,SUPP,,105,,,,SUPP,SUPP,,,,SUPP,SUPP,,,,SUPP,SUPP,,,,SUPP,SUPP,,,,SUPP,SUPP,,,,SUPP,SUPP,,,,SUPP,SUPP,,,,SUPP,SUPP,16,100%,0,0%,2,13%,5,31%,7,44%,14,21%,79%,71%,7%,SUPP,SUPP,SUPP,SUPP,,,,,,,,,,107,106,16,31%,69%,63%,19%,SUPP,SUPP,SUPP,SUPP,5.4,2.4,8.5,3.6,0.7,6.6,3.0,0.1,5.9,108,106,46,70%,13%,108,107
1,7694,873,3041,110798,Duxford Church of England Community Primary School,St John's Street,Duxford,,Cambridge,CB22 4RA,01223712108,E14001481,South Cambridgeshire,0,,,VC,0,Church of England,4-11,0,0,158,23,24,13,11,54%,46%,,,,,,,,,,4,17%,20,83%,5,21%,21,88%,58%,0%,,,,,,,,,,,,,71%,46%,0%,106,71%,13%,0%,104,63%,25%,0%,103,71%,0%,25%,0%,71%,0%,54%,64%,,,,SUPP,SUPP,SUPP,SUPP,52%,0%,0%,,,,SUPP,SUPP,SUPP,SUPP,0%,,,,,,,,,,,,,,,,,,,,,,,,,,,,,,,,,,,,,,,,,,,,,,,,,,,,,,,,,,,,,,,,,,,,,,,,,,,,,,,,,,,,,105,106,,,,SUPP,SUPP,SUPP,105,103,102,,,,SUPP,SUPP,SUPP,102,102,106,,,,SUPP,SUPP,SUPP,104,,,,SUPP,SUPP,,,,SUPP,SUPP,,,,SUPP,SUPP,,,,SUPP,SUPP,,,,SUPP,SUPP,,,,SUPP,SUPP,,,,SUPP,SUPP,,,,SUPP,SUPP,19,79%,0,0%,1,4%,6,25%,7,29%,32,16%,84%,25%,6%,SUPP,SUPP,SUPP,SUPP,,,,,,,,,,102,100,26,12%,88%,65%,8%,SUPP,SUPP,SUPP,SUPP,3.2,0.8,5.6,-1.4,-3.7,0.9,0.6,-1.7,2.9,109,105,82,48%,5%,105,102
1,10774,873,3056,144288,Guyhirn CofE VC Primary School,High Road,Guyhirn,,Wisbech,PE13 4ED,01945450247,E14001390,North East Cambridgeshire,0,,,ACC,0,Church of England,2-11,0,0,107,15,15,6,9,40%,60%,,,,,,,,,,6,40%,9,60%,3,20%,13,87%,67%,0%,,,,,,,,,,,,,93%,47%,0%,109,93%,27%,0%,108,93%,40%,0%,107,73%,0%,27%,0%,93%,0%,67%,67%,,,,67%,67%,-2,SUPP,69%,0%,0%,,,,0%,0%,-11,SUPP,0%,,,,,,,,,,,,,,,,,,,,,,,,,,,,,,,,,,,,,,,,,,,,,,,,,,,,,,,,,,,,,,,,,,,,,,,,,,,,,,,,,,,,,110,109,,,,108,110,SUPP,110,110,105,,,,105,108,SUPP,108,107,108,,,,107,108,SUPP,109,,,,100%,89%,,,,100%,89%,,,,100%,89%,,,,67%,78%,,,,17%,67%,,,,17%,33%,,,,17%,56%,,,,0%,0%,12,80%,0,0%,0,0%,4,27%,4,27%,12,83%,17%,67%,0%,SUPP,SUPP,SUPP,SUPP,,,,,,,,,,105,105,12,17%,83%,67%,0%,SUPP,SUPP,SUPP,SUPP,1.6,-1.9,5.2,-3.1,-6.6,0.3,-4.0,-7.3,-0.6,114,106,39,67%,0%,109,106
1,8602,873,3074,110820,Eynesbury CofE C Primary School,Montagu Street,Eynesbury,,St Neots,PE19 2TD,01480398028,E14001512,St Neots and Mid Cambridgeshire,0,,,VC,0,Church of England,4-11,0,0,221,29,27,15,12,56%,44%,,,,,,,,,,8,30%,19,70%,2,7%,25,93%,48%,4%,,,,,,,,,,,,,81%,37%,0%,107,74%,26%,4%,105,70%,26%,4%,104,56%,19%,22%,0%,78%,0%,60%,33%,,,,25%,58%,-44,SUPP,52%,7%,0%,,,,0%,5%,-11,SUPP,4%,,,,,,,,,,,,,,,,,,,,,,,,,,,,,,,,,,,,,,,,,,,,,,,,,,,,,,,,,,,,,,,,,,,,,,,,,,,,,,,,,,,,,108,106,,,,104,108,SUPP,107,106,102,,,,104,104,SUPP,104,106,104,,,,104,106,SUPP,105,,,,75%,84%,,,,63%,79%,,,,63%,74%,,,,25%,68%,,,,25%,42%,,,,13%,32%,,,,25%,26%,,,,13%,21%,25,93%,0,0%,3,11%,3,11%,6,22%,31,35%,65%,58%,10%,36%,9%,70%,10%,,,,,,,,,,108,104,27,26%,74%,59%,0%,71%,0%,55%,0%,2.1,-0.3,4.6,-0.8,-3.1,1.5,0.3,-1.9,2.6,106,103,85,55%,5%,107,104
1,26350,873,3356,110839,St Pauls CofE VA Primary School,Coronation Street,,,Cambridge,CB2 1HJ,01223568840,E14001149,Cambridge,0,,,VA,0,Church of England,4-11,0,0,152,32,29,18,11,62%,38%,,,,,,,,,,6,21%,23,79%,8,28%,23,79%,38%,3%,,,,,,,,,,,,,83%,28%,0%,106,76%,28%,0%,104,62%,31%,0%,103,45%,7%,31%,0%,59%,0%,33%,45%,,,,17%,43%,-52,25%,39%,6%,0%,,,,0%,4%,-11,0%,4%,,,,,,,,,,,,,,,,,,,,,,,,,,,,,,,,,,,,,,,,,,,,,,,,,,,,,,,,,,,,,,,,,,,,,,,,,,,,,,,,,,,,,107,104,,,,103,106,104,105,106,100,,,,98,105,103,102,105,103,,,,101,105,104,104,,,,67%,87%,,,,50%,83%,,,,17%,74%,,,,50%,43%,,,,17%,30%,,,,33%,26%,,,,17%,35%,,,,17%,4%,20,69%,1,3%,0,0%,4,14%,4,14%,23,13%,87%,65%,13%,SUPP,SUPP,SUPP,SUPP,,,,,,,,,,108,106,24,38%,63%,50%,0%,11%,0%,73%,0%,0.5,-2.3,3.3,-6.7,-9.4,-4.0,1.5,-1.1,4.2,106,105,76,50%,5%,106,105
1,86,873,3373,110850,Abbots Ripton CofE Primary School,Wennington Road,Abbots Ripton,"Abbots Ripton Cofe Primary, Pe282lt",Huntingdon,PE28 2LT,01487773318,E14001298,Huntingdon,0,,,VA,0,Church of England,4-11,0,0,99,15,16,9,7,56%,44%,,,,,,,,,,1,6%,15,94%,0,0%,16,100%,94%,31%,,,,,,,,,,,,,100%,69%,0%,112,100%,69%,0%,114,100%,75%,0%,113,94%,31%,6%,0%,100%,0%,89%,100%,,,,SUPP,SUPP,SUPP,,94%,44%,14%,,,,SUPP,SUPP,SUPP,,31%,,,,,,,,,,,,,,,,,,,,,,,,,,,,,,,,,,,,,,,,,,,,,,,,,,,,,,,,,,,,,,,,,,,,,,,,,,,,,,,,,,,,,113,111,,,,SUPP,SUPP,,112,115,110,,,,SUPP,SUPP,,113,115,111,,,,SUPP,SUPP,,114,,,,SUPP,SUPP,,,,SUPP,SUPP,,,,SUPP,SUPP,,,,SUPP,SUPP,,,,SUPP,SUPP,,,,SUPP,SUPP,,,,SUPP,SUPP,,,,SUPP,SUPP,16,100%,0,0%,0,0%,3,19%,3,19%,16,19%,81%,88%,38%,SUPP,SUPP,SUPP,SUPP,,,,,,,,,,110,108,8,13%,88%,88%,25%,SUPP,SUPP,SUPP,SUPP,4.6,0.3,9.0,2.4,-1.8,6.6,2.4,-1.7,6.5,111,108,40,90%,33%,111,110
1,31896,873,3392,131197,Wheatfields Primary School,Nene Way,,,St Ives,PE27 3WF,01480466919,E14001298,Huntingdon,0,,,FD,0,None,3-11,0,0,298,46,44,20,24,45%,55%,,,,,,,,,,17,39%,27,61%,6,14%,41,93%,57%,0%,,,,,,,,,,,,,75%,27%,0%,105,66%,27%,0%,104,64%,16%,0%,103,64%,2%,34%,0%,75%,0%,50%,63%,,,,47%,63%,-22,100%,56%,0%,0%,,,,0%,0%,-11,0%,0%,,,,,,,,,,,,,,,,,,,,,,,,,,,,,,,,,,,,,,,,,,,,,,,,,,,,,,,,,,,,,,,,,,,,,,,,,,,,,,,,,,,,,104,106,,,,103,106,111,105,103,103,,,,101,104,109,102,102,106,,,,102,105,112,104,,,,59%,85%,,,,59%,70%,,,,59%,67%,,,,59%,67%,,,,24%,30%,,,,24%,30%,,,,6%,22%,,,,0%,4%,38,86%,0,0%,1,2%,2,5%,3,7%,54,17%,83%,44%,6%,22%,0%,49%,7%,,,,,,,,,,105,102,59,25%,75%,49%,3%,47%,0%,50%,5%,0.1,-1.6,1.7,1.3,-0.3,2.9,0.3,-1.3,1.8,103,102,157,50%,3%,104,102
1,3322,873,3942,135131,Brampton Village Primary School,The Green,Brampton,,Huntingdon,PE28 4RF,01480375063,E14001298,Huntingdon,0,,,CY,0,Does not apply,4-11,0,0,610,86,83,38,45,46%,54%,,,,,,,,,,25,30%,58,70%,11,13%,70,84%,53%,2%,,,,,,,,,,,,,76%,31%,0%,105,66%,29%,0%,105,67%,20%,1%,102,65%,2%,27%,0%,82%,0%,47%,58%,,,,32%,62%,-37,64%,53%,5%,0%,,,,0%,3%,-11,0%,3%,,,,,,,,,,,,,,,,,,,,,,,,,,,,,,,,,,,,,,,,,,,,,,,,,,,,,,,,,,,,,,,,,,,,,,,,,,,,,,,,,,,,,103,106,,,,100,106,106,105,103,102,,,,98,104,104,103,103,106,,,,100,106,107,105,,,,56%,84%,,,,52%,72%,,,,60%,71%,,,,44%,74%,,,,8%,41%,,,,12%,36%,,,,4%,28%,,,,0%,3%,72,87%,0,0%,4,5%,15,18%,19,23%,82,37%,63%,38%,2%,13%,0%,53%,4%,,,,,,,,,,104,102,90,24%,76%,44%,1%,27%,0%,50%,1%,1.8,0.4,3.1,-3.7,-5.0,-2.4,-1.0,-2.2,0.3,106,103,255,45%,2%,105,102
2,28526,873,7018,142557,Spring Common Academy,American Lane,,,Huntingdon,PE29 1TQ,01480377403,E14001298,Huntingdon,0,,,ACCS,0,Does not apply,2-19,0,0,202,18,17,10,7,59%,41%,,,,,,,,,,11,65%,6,35%,2,12%,17,100%,0%,0%,,,,,,,,,,,,,0%,0%,0%,,0%,0%,0%,,0%,0%,0%,,0%,0%,0%,6%,0%,6%,0%,0%,,,,0%,0%,-69,SUPP,0%,0%,0%,,,,0%,0%,-11,SUPP,0%,,,,,,,,,,,,,,,,,,,,,,,,,,,,,,,,,,,,,,,,,,,,,,,,,,,,,,,,,,,,,,,,,,,,,,,,,,,,,,,,,,,,,,,,,,,,SUPP,,,,,,,,,SUPP,,,,,,,,,SUPP,,,,,0%,0%,,,,0%,0%,,,,0%,0%,,,,0%,0%,,,,0%,0%,,,,0%,0%,,,,0%,0%,,,,0%,0%,15,88%,0,0%,17,100%,0,0%,17,100%,15,53%,47%,0%,0%,0%,0%,0%,0%,,,,,,,,,,,,18,56%,44%,0%,0%,0%,0%,0%,0%,-1.8,-5.0,1.4,-1.2,-4.3,1.8,-3.0,-6.0,0.0,,,50,0%,0%
1,17134,873,3026,143776,Milton Church of England Primary School,Humphries Way,Milton,,Cambridge,CB24 6DL,01223508783,E14001224,Ely and East Cambridgeshire,0,,,ACC,0,Church of England,5-11,0,0,282,51,52,23,29,44%,56%,,,,,,,,,,6,12%,46,88%,8,15%,50,96%,69%,15%,,,,,,,,,,,,,79%,46%,0%,108,87%,44%,0%,107,83%,40%,0%,107,81%,17%,15%,0%,96%,0%,74%,66%,,,,33%,74%,-36,75%,72%,13%,17%,,,,0%,17%,-11,25%,16%,,,,,,,,,,,,,,,,,,,,,,,,,,,,,,,,,,,,,,,,,,,,,,,,,,,,,,,,,,,,,,,,,,,,,,,,,,,,,,,,,,,,,108,107,,,,103,108,108,108,108,106,,,,103,108,109,107,108,107,,,,106,108,108,108,,,,50%,83%,,,,83%,87%,,,,67%,85%,,,,67%,83%,,,,17%,50%,,,,33%,46%,,,,17%,43%,,,,0%,20%,43,83%,1,2%,2,4%,6,12%,8,15%,49,8%,92%,69%,6%,SUPP,SUPP,SUPP,SUPP,,,,,,,,,,108,106,50,10%,90%,64%,14%,SUPP,SUPP,SUPP,SUPP,4.9,3.2,6.7,0.5,-1.2,2.2,3.4,1.7,5.1,110,107,151,68%,12%,108,107
1,15510,873,3053,149958,Little Thetford CofE Primary School,Green Hill,Little Thetford,,Ely,CB6 3HD,01353649260,E14001224,Ely and East Cambridgeshire,0,,,ACC,0,Church of England,4-11,0,0,88,14,13,6,7,46%,54%,,,,,,,,,,2,15%,11,85%,0,0%,13,100%,77%,15%,,,,,,,,,,,,,77%,31%,0%,106,85%,46%,0%,108,85%,38%,0%,106,92%,23%,8%,0%,92%,0%,67%,86%,,,,SUPP,SUPP,SUPP,,77%,17%,14%,,,,SUPP,SUPP,SUPP,,15%,,,,,,,,,,,,,,,,,,,,,,,,,,,,,,,,,,,,,,,,,,,,,,,,,,,,,,,,,,,,,,,,,,,,,,,,,,,,,,,,,,,,,105,106,,,,SUPP,SUPP,,106,106,106,,,,SUPP,SUPP,,106,104,112,,,,SUPP,SUPP,,108,,,,SUPP,SUPP,,,,SUPP,SUPP,,,,SUPP,SUPP,,,,SUPP,SUPP,,,,SUPP,SUPP,,,,SUPP,SUPP,,,,SUPP,SUPP,,,,SUPP,SUPP,13,100%,0,0%,1,8%,2,15%,3,23%,8,25%,75%,63%,25%,SUPP,SUPP,SUPP,SUPP,,,,,,,,,,106,109,12,8%,92%,92%,17%,SUPP,SUPP,SUPP,SUPP,2.3,-1.3,5.8,2.0,-1.4,5.4,3.7,0.3,7.0,109,110,33,79%,18%,107,108
1,20978,873,3058,110807,The Rackham Church of England Primary School and Pre-School,Main Street,Witchford,,Ely,CB6 2HQ,01353662436,E14001224,Ely and East Cambridgeshire,0,,,VC,0,Church of England,4-11,0,0,323,48,50,22,28,44%,56%,,,,,,,,,,17,34%,33,66%,6,12%,48,96%,38%,0%,,,,,,,,,,,,,64%,12%,0%,102,58%,10%,0%,101,50%,8%,2%,99,58%,0%,16%,0%,80%,0%,41%,36%,,,,29%,42%,-40,33%,40%,0%,0%,,,,0%,0%,-11,0%,0%,,,,,,,,,,,,,,,,,,,,,,,,,,,,,,,,,,,,,,,,,,,,,,,,,,,,,,,,,,,,,,,,,,,,,,,,,,,,,,,,,,,,,103,101,,,,100,102,102,102,100,98,,,,97,100,103,99,101,101,,,,101,101,102,101,,,,53%,70%,,,,53%,61%,,,,41%,55%,,,,53%,61%,,,,6%,15%,,,,6%,12%,,,,0%,12%,,,,0%,0%,44,88%,0,0%,4,8%,9,18%,13,26%,40,18%,83%,63%,5%,43%,0%,67%,6%,,,,,,,,,,105,104,48,33%,67%,33%,0%,13%,0%,44%,0%,-4.5,-6.3,-2.6,-4.9,-6.6,-3.1,-7.3,-9.0,-5.7,102,97,138,43%,1%,103,100
1,22498,873,3083,141552,St Andrew's CofE Primary School,Sand Street,Soham,,Ely,CB7 5AA,01353720345,E14001224,Ely and East Cambridgeshire,0,,,ACC,0,Church of England,3-11,0,0,460,59,56,30,26,54%,46%,,,,,,,,,,9,16%,47,84%,11,20%,53,95%,75%,2%,,,,,,,,,,,,,82%,25%,0%,107,89%,29%,0%,108,80%,27%,0%,107,80%,4%,14%,0%,82%,0%,67%,85%,,,,56%,79%,-13,82%,75%,3%,0%,,,,0%,2%,-11,0%,2%,,,,,,,,,,,,,,,,,,,,,,,,,,,,,,,,,,,,,,,,,,,,,,,,,,,,,,,,,,,,,,,,,,,,,,,,,,,,,,,,,,,,,106,108,,,,109,107,106,107,107,108,,,,105,108,109,107,106,110,,,,107,108,109,107,,,,89%,81%,,,,100%,87%,,,,56%,85%,,,,67%,83%,,,,56%,19%,,,,22%,30%,,,,22%,28%,,,,0%,4%,45,80%,0,0%,2,4%,16,29%,18,32%,59,25%,75%,71%,5%,53%,7%,77%,5%,,,,,,,,,,107,106,58,26%,74%,78%,2%,73%,0%,79%,2%,2.0,0.3,3.6,0.4,-1.2,1.9,2.5,1.0,4.1,108,107,173,75%,3%,107,107
1,29930,873,3326,145246,Thriplow CofE Primary School,School Lane,Thriplow,,Royston,SG8 7RH,01763208213,E14001481,South Cambridgeshire,0,,,ACC,0,Church of England,4-11,0,0,99,16,16,8,8,50%,50%,,,,,,,,,,1,6%,15,94%,1,6%,15,94%,75%,0%,,,,,,,,,,,,,94%,56%,0%,110,94%,44%,0%,108,88%,44%,0%,108,88%,0%,6%,0%,94%,0%,75%,75%,,,,SUPP,SUPP,SUPP,SUPP,73%,0%,0%,,,,SUPP,SUPP,SUPP,SUPP,0%,,,,,,,,,,,,,,,,,,,,,,,,,,,,,,,,,,,,,,,,,,,,,,,,,,,,,,,,,,,,,,,,,,,,,,,,,,,,,,,,,,,,,111,109,,,,SUPP,SUPP,SUPP,110,112,105,,,,SUPP,SUPP,SUPP,108,108,108,,,,SUPP,SUPP,SUPP,108,,,,SUPP,SUPP,,,,SUPP,SUPP,,,,SUPP,SUPP,,,,SUPP,SUPP,,,,SUPP,SUPP,,,,SUPP,SUPP,,,,SUPP,SUPP,,,,SUPP,SUPP,15,94%,0,0%,0,0%,3,19%,3,19%,14,21%,79%,71%,21%,SUPP,SUPP,SUPP,SUPP,,,,,,,,,,109,108,23,13%,87%,78%,13%,SUPP,SUPP,SUPP,SUPP,0.5,-2.1,3.0,-0.1,-2.6,2.3,0.0,-2.5,2.4,107,106,53,75%,11%,108,107
1,22332,873,3360,150571,St Alban's Catholic Primary School,Lensfield Road,,,Cambridge,CB2 1EN,01223712148,E14001149,Cambridge,0,,,ACC,0,Roman Catholic,4-11,0,0,211,32,30,17,13,57%,43%,,,,,,,,,,3,10%,27,90%,16,53%,30,100%,83%,20%,,,,,,,,,,,,,90%,50%,0%,109,97%,57%,0%,110,93%,47%,0%,109,87%,33%,13%,0%,93%,0%,76%,92%,,,,SUPP,SUPP,SUPP,88%,83%,12%,31%,,,,SUPP,SUPP,SUPP,25%,20%,,,,,,,,,,,,,,,,,,,,,,,,,,,,,,,,,,,,,,,,,,,,,,,,,,,,,,,,,,,,,,,,,,,,,,,,,,,,,,,,,,,,,107,112,,,,SUPP,SUPP,111,109,109,109,,,,SUPP,SUPP,110,109,108,112,,,,SUPP,SUPP,111,110,,,,SUPP,SUPP,,,,SUPP,SUPP,,,,SUPP,SUPP,,,,SUPP,SUPP,,,,SUPP,SUPP,,,,SUPP,SUPP,,,,SUPP,SUPP,,,,SUPP,SUPP,14,47%,0,0%,0,0%,6,20%,6,20%,29,10%,90%,83%,10%,SUPP,SUPP,SUPP,SUPP,,,,,,,,,,109,110,30,13%,87%,87%,10%,SUPP,SUPP,SUPP,SUPP,5.3,3.0,7.7,1.8,-0.4,4.1,5.7,3.5,7.9,111,110,89,84%,13%,110,110
1,8308,873,3362,141707,Ely St Mary's CofE Junior School,High Barns,,,Ely,CB7 4RB,01353662163,E14001224,Ely and East Cambridgeshire,0,,,ACC,0,Church of England,7-11,0,0,240,60,59,32,27,54%,46%,,,,,,,,,,25,42%,34,58%,16,27%,54,92%,61%,10%,,,,,,,,,,,,,68%,32%,0%,104,63%,29%,0%,104,73%,31%,0%,104,71%,12%,24%,0%,73%,0%,63%,59%,,,,40%,76%,-29,81%,63%,3%,19%,,,,0%,18%,-11,19%,11%,,,,,,,,,,,,,,,,,,,,,,,,,,,,,,,,,,,,,,,,,,,,,,,,,,,,,,,,,,,,,,,,,,,,,,,,,,,,,,,,,,,,,104,104,,,,101,107,107,105,105,103,,,,101,107,109,105,103,105,,,,100,106,109,104,,,,48%,82%,,,,48%,74%,,,,64%,79%,,,,60%,79%,,,,8%,50%,,,,8%,44%,,,,4%,50%,,,,4%,18%,41,69%,2,3%,6,10%,8,14%,14,24%,63,24%,76%,71%,8%,53%,0%,77%,10%,,,,,,,,,,106,105,92,27%,73%,63%,11%,44%,4%,70%,13%,-0.1,-1.3,1.2,1.0,-0.2,2.2,-0.8,-2.0,0.4,106,104,214,65%,10%,105,104
1,14768,873,3387,145804,Lantern Community Primary School,Nene Road,,,Ely,CB6 2WL,01353664174,E14001224,Ely and East Cambridgeshire,0,,,ACC,0,Does not apply,3-11,0,0,400,61,59,33,26,56%,44%,,,,,,,,,,11,19%,48,81%,4,7%,55,93%,54%,0%,,,,,,,,,,,,,78%,39%,5%,107,71%,31%,5%,104,76%,27%,5%,104,63%,0%,17%,0%,86%,0%,48%,62%,,,,18%,63%,-51,SUPP,55%,0%,0%,,,,0%,0%,-11,SUPP,0%,,,,,,,,,,,,,,,,,,,,,,,,,,,,,,,,,,,,,,,,,,,,,,,,,,,,,,,,,,,,,,,,,,,,,,,,,,,,,,,,,,,,,108,106,,,,97,108,SUPP,107,105,103,,,,97,106,SUPP,104,104,104,,,,95,106,SUPP,105,,,,27%,90%,,,,27%,81%,,,,27%,88%,,,,27%,71%,,,,9%,46%,,,,0%,38%,,,,18%,29%,,,,0%,0%,55,93%,0,0%,4,7%,9,15%,13,22%,53,15%,85%,72%,6%,50%,0%,76%,7%,,,,,,,,,,106,105,61,11%,89%,67%,15%,29%,0%,72%,17%,1.3,-0.4,2.9,0.6,-1.0,2.1,-0.8,-2.3,0.8,107,104,173,64%,7%,107,104
1,1396,873,3000,143440,Babraham CofE (VC) Primary School,High Street,Babraham,,Cambridge,CB22 3AG,01223832322,E14001481,South Cambridgeshire,0,,,ACC,0,Church of England,5-11,0,0,99,16,16,8,8,50%,50%,,,,,,,,,,0,0%,16,100%,5,31%,14,88%,81%,6%,,,,,,,,,,,,,81%,50%,0%,108,81%,38%,0%,107,94%,50%,0%,109,94%,13%,6%,0%,100%,0%,75%,88%,,,,,SUPP,,SUPP,86%,0%,13%,,,,,SUPP,,SUPP,7%,,,,,,,,,,,,,,,,,,,,,,,,,,,,,,,,,,,,,,,,,,,,,,,,,,,,,,,,,,,,,,,,,,,,,,,,,,,,,,,,,,,,,108,109,,,,,SUPP,SUPP,109,109,108,,,,,SUPP,SUPP,110,107,106,,,,,SUPP,SUPP,107,,,,,SUPP,,,,,SUPP,,,,,SUPP,,,,,SUPP,,,,,SUPP,,,,,SUPP,,,,,SUPP,,,,,SUPP,11,69%,0,0%,0,0%,2,13%,2,13%,8,25%,75%,63%,38%,SUPP,SUPP,SUPP,SUPP,,,,,,,,,,109,106,12,8%,92%,67%,0%,SUPP,SUPP,SUPP,SUPP,1.6,-2.3,5.5,-1.3,-5.0,2.5,-0.1,-3.7,3.6,105,103,36,72%,11%,107,106
1,6430,873,3011,110786,Coton Church of England (Voluntary Controlled) Primary School,Whitwell Way,Coton,,Cambridge,CB23 7PW,01954210339,E14001481,South Cambridgeshire,0,,,VC,0,Church of England,4-11,0,0,107,21,21,12,9,57%,43%,,,,,,,,,,4,19%,17,81%,5,24%,19,90%,43%,14%,,,,,,,,,,,,,81%,33%,0%,107,71%,38%,0%,107,76%,43%,0%,108,48%,14%,24%,5%,76%,5%,50%,33%,,,,SUPP,SUPP,SUPP,SUPP,42%,25%,0%,,,,SUPP,SUPP,SUPP,SUPP,16%,,,,,,,,,,,,,,,,,,,,,,,,,,,,,,,,,,,,,,,,,,,,,,,,,,,,,,,,,,,,,,,,,,,,,,,,,,,,,,,,,,,,,108,105,,,,SUPP,SUPP,SUPP,106,108,107,,,,SUPP,SUPP,SUPP,108,109,103,,,,SUPP,SUPP,SUPP,106,,,,SUPP,SUPP,,,,SUPP,SUPP,,,,SUPP,SUPP,,,,SUPP,SUPP,,,,SUPP,SUPP,,,,SUPP,SUPP,,,,SUPP,SUPP,,,,SUPP,SUPP,16,76%,0,0%,2,10%,2,10%,4,19%,13,0%,100%,77%,15%,,,SUPP,SUPP,,,,,,,,,,109,111,14,14%,86%,86%,21%,SUPP,SUPP,SUPP,SUPP,8.0,4.7,11.3,4.3,1.1,7.4,8.4,5.3,11.5,112,111,48,65%,17%,109,110
1,5216,873,3050,110801,Cherry Hinton Church of England Voluntary Controlled Primary School,High Street,Cherry Hinton,,Cambridge,CB1 9HH,01223568834,E14001481,South Cambridgeshire,0,,,VC,0,Church of England,3-11,0,0,183,20,21,9,12,43%,57%,,,,,,,,,,3,14%,18,86%,10,48%,20,95%,52%,5%,,,,,,,,,,,,,67%,38%,0%,104,62%,19%,0%,104,67%,24%,0%,104,52%,5%,29%,0%,71%,0%,56%,50%,,,,SUPP,SUPP,SUPP,50%,55%,0%,8%,,,,SUPP,SUPP,SUPP,0%,5%,,,,,,,,,,,,,,,,,,,,,,,,,,,,,,,,,,,,,,,,,,,,,,,,,,,,,,,,,,,,,,,,,,,,,,,,,,,,,,,,,,,,,109,102,,,,SUPP,SUPP,103,105,109,101,,,,SUPP,SUPP,102,104,107,102,,,,SUPP,SUPP,104,104,,,,SUPP,SUPP,,,,SUPP,SUPP,,,,SUPP,SUPP,,,,SUPP,SUPP,,,,SUPP,SUPP,,,,SUPP,SUPP,,,,SUPP,SUPP,,,,SUPP,SUPP,11,52%,0,0%,2,10%,5,24%,7,33%,25,44%,56%,48%,0%,45%,0%,50%,0%,,,,,,,,,,107,102,30,17%,83%,63%,7%,SUPP,SUPP,SUPP,SUPP,3.2,0.5,5.9,-0.2,-2.7,2.3,2.1,-0.4,4.7,107,106,76,55%,4%,106,104
1,318,873,3061,110809,Alconbury CofE Primary School,School Lane,Alconbury,,Huntingdon,PE28 4EQ,01480890341,E14001298,Huntingdon,0,,,VC,0,Church of England,4-11,0,0,206,28,28,11,17,39%,61%,,,,,,,,,,7,25%,21,75%,4,14%,26,93%,68%,4%,,,,,,,,,,,,,68%,29%,0%,104,71%,32%,0%,105,79%,18%,0%,105,79%,11%,11%,0%,89%,0%,82%,59%,,,,29%,81%,-40,SUPP,69%,0%,6%,,,,0%,5%,-11,SUPP,4%,,,,,,,,,,,,,,,,,,,,,,,,,,,,,,,,,,,,,,,,,,,,,,,,,,,,,,,,,,,,,,,,,,,,,,,,,,,,,,,,,,,,,106,103,,,,100,105,SUPP,104,107,104,,,,102,106,SUPP,106,106,105,,,,103,106,SUPP,106,,,,29%,81%,,,,29%,86%,,,,43%,90%,,,,43%,90%,,,,14%,33%,,,,14%,38%,,,,0%,24%,,,,0%,14%,24,86%,0,0%,4,14%,2,7%,6,21%,29,28%,72%,66%,10%,38%,0%,76%,14%,,,,,,,,,,105,105,22,27%,73%,55%,0%,17%,0%,69%,0%,-3.0,-5.6,-0.4,1.9,-0.6,4.4,0.9,-1.6,3.4,103,104,79,63%,5%,104,105
2,11078,873,7011,148236,The Harbour School,Station Road,Wilburton,,Ely,CB6 3RR,01353740229,E14001224,Ely and East Cambridgeshire,0,,,ACS,0,Does not apply,5-16,0,0,95,13,13,13,0,100%,0%,,,,,,,,,,12,92%,1,8%,0,0%,11,85%,8%,0%,,,,,,,,,,,,,8%,8%,0%,117,8%,8%,0%,114,8%,0%,0%,103,8%,0%,8%,23%,8%,23%,8%,,,,,SUPP,SUPP,SUPP,,9%,0%,,,,,SUPP,SUPP,SUPP,,0%,,,,,,,,,,,,,,,,,,,,,,,,,,,,,,,,,,,,,,,,,,,,,,,,,,,,,,,,,,,,,,,,,,,,,,,,,,,,,,,,,,,,,117,,,,,SUPP,SUPP,,117,103,,,,,SUPP,SUPP,,103,114,,,,,SUPP,SUPP,,114,,,,SUPP,SUPP,,,,SUPP,SUPP,,,,SUPP,SUPP,,,,SUPP,SUPP,,,,SUPP,SUPP,,,,SUPP,SUPP,,,,SUPP,SUPP,,,,SUPP,SUPP,13,100%,0,0%,13,100%,0,0%,13,100%,9,78%,22%,0%,0%,SUPP,SUPP,SUPP,SUPP,,,,,,,,,,89,89,14,93%,7%,0%,0%,SUPP,SUPP,SUPP,SUPP,-14.6,-18.7,-10.5,-14.5,-18.5,-10.6,SUPP,SUPP,SUPP,97,89,36,3%,0%,LOWCOV,LOWCOV
2,20642,873,7013,150791,Prestley Wood Academy,Windsor Road,,,Alconbury Weald,PE28 4BL,01480710036,E14001298,Huntingdon,0,,,FS,0,None,4-19,0,0,65,4,4,SUPP,SUPP,SUPP,SUPP,,,,,,,,,,SUPP,SUPP,SUPP,SUPP,SUPP,SUPP,SUPP,SUPP,SUPP,SUPP,,,,,,,,,,,,,SUPP,SUPP,SUPP,SUPP,SUPP,SUPP,SUPP,SUPP,SUPP,SUPP,SUPP,SUPP,SUPP,SUPP,SUPP,SUPP,SUPP,SUPP,,SUPP,,,,SUPP,SUPP,SUPP,,,,SUPP,,,,SUPP,SUPP,SUPP,,,,,,,,,,,,,,,,,,,,,,,,,,,,,,,,,,,,,,,,,,,,,,,,,,,,,,,,,,,,,,,,,,,,,,,,,,,,,,,,,,,,,,,,SUPP,,,,SUPP,SUPP,,,,SUPP,,,,SUPP,SUPP,,,,SUPP,,,,SUPP,SUPP,,,,,,SUPP,SUPP,,,,SUPP,SUPP,,,,SUPP,SUPP,,,,SUPP,SUPP,,,,SUPP,SUPP,,,,SUPP,SUPP,,,,SUPP,SUPP,,,,SUPP,SUPP,SUPP,SUPP,SUPP,SUPP,SUPP,SUPP,SUPP,SUPP,SUPP,SUPP,,,,,,,,,,,,,,,,,,,,,,,,,,,,,,,,,,,,,,,,,,NA,NA
2,27222,873,7023,110951,Samuel Pepys School,Cromwell Road,,,St Neots,PE19 2EZ,01480375012,E14001512,St Neots and Mid Cambridgeshire,0,,,CYS,0,Does not apply,3-19,0,0,124,15,15,8,7,53%,47%,,,,,,,,,,7,47%,8,53%,1,7%,15,100%,0%,0%,,,,,,,,,,,,,0%,0%,0%,,0%,0%,0%,,0%,0%,0%,,0%,0%,0%,0%,0%,0%,0%,0%,,,,0%,0%,-69,SUPP,0%,0%,0%,,,,0%,0%,-11,SUPP,0%,,,,,,,,,,,,,,,,,,,,,,,,,,,,,,,,,,,,,,,,,,,,,,,,,,,,,,,,,,,,,,,,,,,,,,,,,,,,,,,,,,,,,,,,,,,,SUPP,,,,,,,,,SUPP,,,,,,,,,SUPP,,,,,0%,0%,,,,0%,0%,,,,0%,0%,,,,0%,0%,,,,0%,0%,,,,0%,0%,,,,0%,0%,,,,0%,0%,14,93%,0,0%,15,100%,0,0%,15,100%,7,57%,43%,0%,0%,SUPP,SUPP,SUPP,SUPP,,,,,,,,,,,,10,60%,40%,0%,0%,SUPP,SUPP,SUPP,SUPP,SUPP,SUPP,SUPP,SUPP,SUPP,SUPP,SUPP,SUPP,SUPP,112,97,32,0%,0%,SUPP,SUPP
2,10168,873,7025,134937,Granta School,Cambridge Road,Linton,,Cambridge,CB21 4NN,01223896890,E14001481,South Cambridgeshire,0,,,CYS,0,Does not apply,2-19,0,0,182,12,12,12,0,100%,0%,,,,,,,,,,5,42%,7,58%,2,17%,11,92%,0%,0%,,,,,,,,,,,,,0%,0%,0%,,0%,0%,0%,,0%,0%,0%,,0%,0%,0%,0%,0%,0%,0%,,,,,SUPP,SUPP,SUPP,SUPP,0%,0%,,,,,SUPP,SUPP,SUPP,SUPP,0%,,,,,,,,,,,,,,,,,,,,,,,,,,,,,,,,,,,,,,,,,,,,,,,,,,,,,,,,,,,,,,,,,,,,,,,,,,,,,,,,,,,,,,,,,,SUPP,SUPP,SUPP,,,,,,,SUPP,SUPP,SUPP,,,,,,,SUPP,SUPP,SUPP,,,,,SUPP,SUPP,,,,SUPP,SUPP,,,,SUPP,SUPP,,,,SUPP,SUPP,,,,SUPP,SUPP,,,,SUPP,SUPP,,,,SUPP,SUPP,,,,SUPP,SUPP,10,83%,0,0%,12,100%,0,0%,12,100%,12,42%,58%,0%,0%,SUPP,SUPP,SUPP,SUPP,,,,,,,,,,,,7,86%,14%,0%,0%,SUPP,SUPP,SUPP,SUPP,-7.9,-12.5,-3.2,-6.8,-11.3,-2.3,-6.8,-11.2,-2.4,,,31,0%,0%
1,8828,873,2010,110606,Fen Drayton Primary School,Cootes Lane,Fen Drayton,,Cambridge,CB24 4SL,01954273346,E14001512,St Neots and Mid Cambridgeshire,0,,,CY,0,Does not apply,4-11,0,0,105,19,19,5,14,26%,74%,,,,,,,,,,3,16%,16,84%,0,0%,18,95%,58%,11%,,,,,,,,,,,,,84%,42%,0%,107,79%,16%,0%,106,79%,26%,0%,105,58%,11%,37%,0%,89%,0%,SUPP,57%,,,,SUPP,SUPP,SUPP,,56%,SUPP,14%,,,,SUPP,SUPP,SUPP,,11%,,,,,,,,,,,,,,,,,,,,,,,,,,,,,,,,,,,,,,,,,,,,,,,,,,,,,,,,,,,,,,,,,,,,,,,,,,,,,,,,,,,,,SUPP,108,,,,SUPP,SUPP,,107,SUPP,105,,,,SUPP,SUPP,,105,SUPP,107,,,,SUPP,SUPP,,106,,,,SUPP,SUPP,,,,SUPP,SUPP,,,,SUPP,SUPP,,,,SUPP,SUPP,,,,SUPP,SUPP,,,,SUPP,SUPP,,,,SUPP,SUPP,,,,SUPP,SUPP,19,100%,0,0%,1,5%,2,11%,3,16%,15,40%,60%,33%,0%,17%,0%,44%,0%,,,,,,,,,,101,101,16,13%,88%,56%,6%,SUPP,SUPP,SUPP,SUPP,3.1,-0.3,6.5,-2.1,-5.1,0.8,0.4,-2.5,3.3,108,103,50,50%,6%,106,103
1,31840,873,2079,146407,Westwood Primary School,Maple Grove,,,March,PE15 8JT,01354653033,E14001390,North East Cambridgeshire,0,,,ACC,0,Does not apply,4-11,0,0,747,117,119,48,71,40%,60%,,,,,,,,,,48,40%,71,60%,6,5%,109,92%,42%,3%,,,,,,,,,,,,,70%,30%,2%,106,63%,13%,1%,103,55%,13%,3%,102,49%,4%,37%,2%,70%,2%,42%,42%,,,,19%,58%,-50,100%,44%,2%,4%,,,,0%,6%,-11,17%,4%,,,,,,,,,,,,,,,,,,,,,,,,,,,,,,,,,,,,,,,,,,,,,,,,,,,,,,,,,,,,,,,,,,,,,,,,,,,,,,,,,,,,,106,105,,,,102,108,107,106,105,101,,,,98,104,109,103,104,103,,,,99,105,107,103,,,,48%,85%,,,,33%,83%,,,,33%,70%,,,,23%,66%,,,,13%,42%,,,,2%,20%,,,,4%,20%,,,,0%,7%,113,95%,0,0%,3,3%,24,20%,27,23%,118,37%,63%,47%,1%,34%,2%,55%,0%,,,,,,,,,,103,101,119,45%,55%,44%,5%,36%,2%,50%,8%,-2.5,-3.6,-1.3,0.3,-0.8,1.4,-2.5,-3.6,-1.4,102,100,356,44%,3%,104,101
1,20086,873,2094,139466,Peckover Primary School,Leverington Road,,,Wisbech,PE13 1PJ,01945584741,E14001390,North East Cambridgeshire,0,,,ACC,0,Does not apply,3-11,0,0,443,53,53,29,24,55%,45%,,,,,,,,,,25,47%,28,53%,27,51%,51,96%,45%,2%,,,,,,,,,,,,,74%,34%,0%,105,66%,23%,0%,104,68%,13%,0%,103,58%,4%,19%,0%,75%,0%,48%,42%,,,,32%,57%,-37,44%,47%,0%,4%,,,,0%,4%,-11,0%,2%,,,,,,,,,,,,,,,,,,,,,,,,,,,,,,,,,,,,,,,,,,,,,,,,,,,,,,,,,,,,,,,,,,,,,,,,,,,,,,,,,,,,,105,105,,,,103,107,104,105,105,101,,,,100,105,102,103,104,103,,,,101,106,103,104,,,,64%,82%,,,,56%,75%,,,,52%,82%,,,,48%,68%,,,,20%,46%,,,,12%,32%,,,,4%,21%,,,,0%,7%,26,49%,0,0%,1,2%,11,21%,12,23%,57,35%,65%,47%,4%,55%,5%,43%,3%,,,,,,,,,,101,102,57,35%,65%,61%,5%,40%,10%,73%,3%,-0.3,-2.0,1.4,-1.6,-3.3,0.0,0.5,-1.1,2.1,104,104,167,51%,4%,103,103
1,18748,873,2096,147110,Oakington CofE Primary School,Water Lane,Oakington,,Cambridge,CB24 3AL,01223232328,E14001512,St Neots and Mid Cambridgeshire,0,,,AC,0,Church of England,5-11,0,0,110,27,26,15,11,58%,42%,,,,,,,,,,8,31%,18,69%,2,8%,23,88%,72%,16%,,,,,,,,,,,,,81%,42%,0%,107,73%,35%,0%,105,77%,27%,0%,104,76%,20%,24%,0%,84%,0%,79%,64%,,,,57%,78%,-12,SUPP,70%,21%,9%,,,,0%,22%,-11,SUPP,13%,,,,,,,,,,,,,,,,,,,,,,,,,,,,,,,,,,,,,,,,,,,,,,,,,,,,,,,,,,,,,,,,,,,,,,,,,,,,,,,,,,,,,109,105,,,,102,110,SUPP,107,106,101,,,,99,107,SUPP,104,105,105,,,,98,108,SUPP,105,,,,75%,83%,,,,50%,83%,,,,63%,83%,,,,71%,78%,,,,0%,61%,,,,0%,50%,,,,0%,39%,,,,0%,28%,24,92%,0,0%,0,0%,10,38%,10,38%,10,50%,50%,50%,0%,SUPP,SUPP,SUPP,SUPP,,,,,,,,,,106,104,21,14%,86%,81%,19%,SUPP,SUPP,SUPP,SUPP,2.8,0.0,5.5,3.1,0.4,5.7,1.4,-1.2,4.0,108,106,57,71%,14%,108,105
1,11726,873,2211,110679,Hemingford Grey Primary School,St Ives Road,Hemingford Grey,St. Ives Road,Huntingdon,PE28 9DU,01480375040,E14001298,Huntingdon,0,,,CY,0,Does not apply,4-11,0,0,263,35,35,24,11,69%,31%,,,,,,,,,,1,3%,34,97%,3,9%,32,91%,66%,6%,,,,,,,,,,,,,83%,26%,0%,106,86%,29%,0%,107,94%,26%,0%,107,69%,6%,31%,0%,91%,0%,67%,64%,,,,SUPP,SUPP,SUPP,SUPP,72%,4%,9%,,,,SUPP,SUPP,SUPP,SUPP,6%,,,,,,,,,,,,,,,,,,,,,,,,,,,,,,,,,,,,,,,,,,,,,,,,,,,,,,,,,,,,,,,,,,,,,,,,,,,,,,,,,,,,,106,106,,,,SUPP,SUPP,SUPP,107,108,104,,,,SUPP,SUPP,SUPP,107,106,108,,,,SUPP,SUPP,SUPP,107,,,,SUPP,SUPP,,,,SUPP,SUPP,,,,SUPP,SUPP,,,,SUPP,SUPP,,,,SUPP,SUPP,,,,SUPP,SUPP,,,,SUPP,SUPP,,,,SUPP,SUPP,32,91%,0,0%,0,0%,5,14%,5,14%,38,16%,84%,53%,3%,0%,0%,63%,3%,,,,,,,,,,104,104,39,23%,77%,44%,0%,33%,0%,47%,0%,-1.0,-2.9,1.0,-4.7,-6.6,-2.8,-3.8,-5.6,-1.9,105,101,112,54%,3%,105,104
1,18148,873,2260,110717,The Newton Community Primary School,Caxton End,Eltisley,,St Neots,PE19 6TL,01480880215,E14001512,St Neots and Mid Cambridgeshire,0,,,CY,0,Does not apply,4-11,0,0,52,8,9,6,3,67%,33%,,,,,,,,,,3,33%,6,67%,3,33%,5,56%,33%,11%,,,,,,,,,,,,,44%,11%,0%,100,78%,22%,0%,103,78%,22%,0%,104,44%,11%,33%,0%,67%,0%,33%,SUPP,,,,SUPP,SUPP,SUPP,SUPP,SUPP,17%,SUPP,,,,SUPP,SUPP,SUPP,SUPP,SUPP,,,,,,,,,,,,,,,,,,,,,,,,,,,,,,,,,,,,,,,,,,,,,,,,,,,,,,,,,,,,,,,,,,,,,,,,,,,,,,,,,,,,,100,SUPP,,,,SUPP,SUPP,SUPP,SUPP,102,SUPP,,,,SUPP,SUPP,SUPP,SUPP,101,SUPP,,,,SUPP,SUPP,SUPP,SUPP,,,,SUPP,SUPP,,,,SUPP,SUPP,,,,SUPP,SUPP,,,,SUPP,SUPP,,,,SUPP,SUPP,,,,SUPP,SUPP,,,,SUPP,SUPP,,,,SUPP,SUPP,6,67%,0,0%,1,11%,2,22%,3,33%,10,50%,50%,50%,10%,SUPP,SUPP,SUPP,SUPP,,,,,,,,,,104,102,14,14%,86%,43%,7%,SUPP,SUPP,SUPP,SUPP,-3.3,-7.4,0.8,-4.5,-8.4,-0.5,-1.5,-5.4,2.4,101,106,33,42%,9%,102,104
1,9442,873,2328,110759,Fulbourn Primary School,School Lane,Fulbourn,,Cambridge,CB21 5BH,01223712525,E14001481,South Cambridgeshire,0,,,CY,0,Does not apply,4-11,0,0,264,45,45,27,18,60%,40%,,,,,,,,,,6,13%,39,87%,7,16%,41,91%,76%,18%,,,,,,,,,,,,,76%,47%,0%,106,73%,31%,0%,105,87%,47%,0%,108,84%,20%,16%,0%,91%,0%,74%,78%,,,,50%,79%,-19,86%,76%,11%,28%,,,,17%,18%,6,29%,17%,,,,,,,,,,,,,,,,,,,,,,,,,,,,,,,,,,,,,,,,,,,,,,,,,,,,,,,,,,,,,,,,,,,,,,,,,,,,,,,,,,,,,106,106,,,,102,107,106,107,108,108,,,,106,108,111,108,104,108,,,,101,106,106,106,,,,50%,79%,,,,50%,77%,,,,67%,90%,,,,50%,90%,,,,17%,51%,,,,33%,31%,,,,17%,51%,,,,17%,21%,38,84%,0,0%,3,7%,7,16%,10,22%,35,9%,91%,66%,9%,SUPP,SUPP,SUPP,SUPP,,,,,,,,,,106,105,45,20%,80%,73%,13%,33%,0%,83%,17%,0.8,-1.1,2.7,0.0,-1.8,1.8,1.1,-0.7,2.8,108,107,125,72%,14%,107,107
1,17098,873,2447,142498,Millfield Primary School,Grange Lane,Littleport,,Ely,CB6 1HW,01353861612,E14001224,Ely and East Cambridgeshire,0,,,ACC,0,Does not apply,3-11,0,0,379,47,47,26,21,55%,45%,,,,,,,,,,15,32%,32,68%,5,11%,41,87%,66%,0%,,,,,,,,,,,,,74%,26%,0%,105,72%,26%,0%,104,83%,15%,0%,104,72%,0%,28%,0%,74%,0%,58%,76%,,,,80%,59%,11,SUPP,66%,0%,0%,,,,0%,0%,-11,SUPP,0%,,,,,,,,,,,,,,,,,,,,,,,,,,,,,,,,,,,,,,,,,,,,,,,,,,,,,,,,,,,,,,,,,,,,,,,,,,,,,,,,,,,,,104,106,,,,107,104,SUPP,105,104,105,,,,105,104,SUPP,104,102,106,,,,106,104,SUPP,104,,,,93%,66%,,,,80%,69%,,,,87%,81%,,,,80%,69%,,,,27%,25%,,,,20%,28%,,,,20%,13%,,,,0%,0%,42,89%,0,0%,1,2%,12,26%,13,28%,45,24%,76%,44%,7%,45%,0%,44%,9%,,,,,,,,,,103,100,52,25%,75%,52%,2%,38%,8%,56%,0%,-0.6,-2.5,1.2,-3.6,-5.4,-1.9,-1.5,-3.3,0.2,105,102,144,54%,3%,104,102
1,32364,873,3032,110795,William Westley Church of England VC Primary School,Mill Lane,Whittlesford,,Cambridge,CB22 4NE,01223832176,E14001481,South Cambridgeshire,0,,,VC,0,Church of England,4-11,0,0,185,32,31,23,8,74%,26%,,,,,,,,,,3,10%,28,90%,4,13%,29,94%,71%,23%,,,,,,,,,,,,,77%,61%,0%,109,81%,48%,0%,109,84%,48%,0%,107,81%,23%,19%,0%,77%,0%,74%,63%,,,,SUPP,SUPP,SUPP,SUPP,72%,26%,13%,,,,SUPP,SUPP,SUPP,SUPP,24%,,,,,,,,,,,,,,,,,,,,,,,,,,,,,,,,,,,,,,,,,,,,,,,,,,,,,,,,,,,,,,,,,,,,,,,,,,,,,,,,,,,,,110,105,,,,SUPP,SUPP,SUPP,109,109,102,,,,SUPP,SUPP,SUPP,107,110,107,,,,SUPP,SUPP,SUPP,109,,,,SUPP,SUPP,,,,SUPP,SUPP,,,,SUPP,SUPP,,,,SUPP,SUPP,,,,SUPP,SUPP,,,,SUPP,SUPP,,,,SUPP,SUPP,,,,SUPP,SUPP,27,87%,0,0%,0,0%,8,26%,8,26%,30,7%,93%,67%,7%,SUPP,SUPP,SUPP,SUPP,,,,,,,,,,109,105,31,6%,94%,81%,13%,SUPP,SUPP,SUPP,SUPP,3.5,1.3,5.8,1.4,-0.8,3.5,1.6,-0.5,3.6,110,107,92,73%,14%,109,106
1,3588,873,3081,110827,Brington CofE Primary School,Church Lane,,,Brington,PE28 5AE,01832710383,E14001298,Huntingdon,0,,,VC,0,Church of England,4-11,0,0,90,9,9,4,5,44%,56%,,,,,,,,,,1,11%,8,89%,0,0%,9,100%,67%,0%,,,,,,,,,,,,,100%,0%,0%,104,67%,0%,0%,101,78%,11%,0%,103,78%,0%,22%,0%,100%,0%,SUPP,SUPP,,,,SUPP,SUPP,SUPP,,67%,SUPP,SUPP,,,,SUPP,SUPP,SUPP,,0%,,,,,,,,,,,,,,,,,,,,,,,,,,,,,,,,,,,,,,,,,,,,,,,,,,,,,,,,,,,,,,,,,,,,,,,,,,,,,,,,,,,,,SUPP,SUPP,,,,SUPP,SUPP,,104,SUPP,SUPP,,,,SUPP,SUPP,,103,SUPP,SUPP,,,,SUPP,SUPP,,101,,,,SUPP,SUPP,,,,SUPP,SUPP,,,,SUPP,SUPP,,,,SUPP,SUPP,,,,SUPP,SUPP,,,,SUPP,SUPP,,,,SUPP,SUPP,,,,SUPP,SUPP,9,100%,0,0%,0,0%,1,11%,1,11%,18,11%,89%,83%,11%,SUPP,SUPP,SUPP,SUPP,,,,,,,,,,110,107,15,7%,93%,87%,20%,SUPP,SUPP,SUPP,SUPP,-2.3,-5.6,1.0,-1.2,-4.4,1.9,-4.6,-7.7,-1.5,107,104,42,81%,12%,108,105
1,24684,873,3366,147384,St Laurence Catholic Primary School,Arbury Road,,,Cambridge,CB4 2JX,01223712227,E14001149,Cambridge,0,,,ACC,0,Roman Catholic,4-11,0,0,216,31,30,10,20,33%,67%,,,,,,,,,,12,40%,18,60%,10,33%,30,100%,63%,20%,,,,,,,,,,,,,70%,40%,0%,106,70%,30%,0%,105,67%,33%,0%,103,67%,27%,17%,0%,73%,0%,60%,65%,,,,50%,72%,-19,90%,63%,20%,20%,,,,17%,22%,6,30%,20%,,,,,,,,,,,,,,,,,,,,,,,,,,,,,,,,,,,,,,,,,,,,,,,,,,,,,,,,,,,,,,,,,,,,,,,,,,,,,,,,,,,,,104,107,,,,101,108,110,106,104,103,,,,99,106,110,103,103,106,,,,102,107,109,105,,,,50%,83%,,,,58%,78%,,,,58%,72%,,,,50%,78%,,,,25%,50%,,,,25%,33%,,,,33%,33%,,,,17%,33%,20,67%,0,0%,1,3%,6,20%,7,23%,36,31%,69%,44%,6%,9%,0%,60%,8%,,,,,,,,,,103,103,42,26%,74%,43%,7%,27%,0%,48%,10%,0.8,-1.2,2.8,1.5,-0.5,3.4,0.9,-1.0,2.8,104,103,108,49%,10%,104,103
1,546,873,3383,139537,All Saints Interchurch Academy,County Road,,,March,PE15 8ND,01354659000,E14001390,North East Cambridgeshire,0,,,ACC,0,Church of England/Roman Catholic,5-11,0,0,192,28,30,20,10,67%,33%,,,,,,,,,,8,27%,22,73%,4,13%,27,90%,17%,3%,,,,,,,,,,,,,67%,13%,0%,101,43%,10%,0%,99,53%,13%,0%,101,20%,3%,77%,0%,70%,0%,15%,20%,,,,0%,23%,-69,SUPP,19%,5%,0%,,,,0%,5%,-11,SUPP,4%,,,,,,,,,,,,,,,,,,,,,,,,,,,,,,,,,,,,,,,,,,,,,,,,,,,,,,,,,,,,,,,,,,,,,,,,,,,,,,,,,,,,,100,103,,,,95,102,SUPP,100,101,100,,,,95,102,SUPP,101,98,102,,,,95,100,SUPP,99,,,,38%,77%,,,,13%,55%,,,,25%,64%,,,,0%,27%,,,,0%,18%,,,,0%,14%,,,,0%,18%,,,,0%,5%,25,83%,1,3%,2,7%,8,27%,10,33%,28,46%,54%,57%,4%,31%,8%,80%,0%,,,,,,,,,,103,103,22,50%,50%,68%,14%,64%,18%,73%,9%,1.6,-1.0,4.3,1.2,-1.3,3.8,2.3,-0.2,4.8,105,105,80,45%,6%,103,103
1,31118,873,2048,110621,Waterbeach Community Primary School,High Street,Waterbeach,,Cambridge,CB25 9JU,01223718988,E14001224,Ely and East Cambridgeshire,0,,,CY,0,Does not apply,4-11,0,0,527,73,72,35,37,49%,51%,,,,,,,,,,18,25%,54,75%,9,13%,65,90%,57%,6%,,,,,,,,,,,,,78%,31%,0%,105,64%,19%,0%,103,60%,22%,0%,102,69%,13%,22%,0%,74%,0%,60%,54%,,,,28%,67%,-41,67%,62%,3%,8%,,,,6%,6%,-5,0%,6%,,,,,,,,,,,,,,,,,,,,,,,,,,,,,,,,,,,,,,,,,,,,,,,,,,,,,,,,,,,,,,,,,,,,,,,,,,,,,,,,,,,,,105,105,,,,99,107,104,105,103,100,,,,97,103,101,102,103,103,,,,100,104,103,104,,,,39%,91%,,,,33%,74%,,,,33%,69%,,,,33%,81%,,,,17%,35%,,,,17%,20%,,,,22%,22%,,,,6%,15%,62,86%,1,1%,2,3%,11,15%,13,18%,62,23%,77%,56%,15%,21%,0%,67%,19%,,,,,,,,,,107,103,63,24%,76%,44%,10%,20%,0%,52%,13%,1.5,-0.1,3.2,2.9,1.3,4.5,1.5,-0.1,3.0,104,103,197,53%,10%,105,102
1,16840,873,2059,110626,Meridian Primary School,Harbour Avenue,Comberton,,Cambridge,CB23 7DD,01223262423,E14001481,South Cambridgeshire,0,,,CY,0,Does not apply,4-11,0,0,190,31,31,19,12,61%,39%,,,,,,,,,,3,10%,28,90%,8,26%,28,90%,58%,6%,,,,,,,,,,,,,74%,45%,0%,106,74%,39%,0%,106,77%,39%,0%,105,61%,13%,35%,0%,68%,0%,47%,75%,,,,SUPP,SUPP,SUPP,63%,57%,5%,8%,,,,SUPP,SUPP,SUPP,0%,7%,,,,,,,,,,,,,,,,,,,,,,,,,,,,,,,,,,,,,,,,,,,,,,,,,,,,,,,,,,,,,,,,,,,,,,,,,,,,,,,,,,,,,107,105,,,,SUPP,SUPP,107,106,106,103,,,,SUPP,SUPP,107,105,105,106,,,,SUPP,SUPP,107,105,,,,SUPP,SUPP,,,,SUPP,SUPP,,,,SUPP,SUPP,,,,SUPP,SUPP,,,,SUPP,SUPP,,,,SUPP,SUPP,,,,SUPP,SUPP,,,,SUPP,SUPP,23,74%,0,0%,2,6%,8,26%,10,32%,33,6%,94%,67%,3%,SUPP,SUPP,SUPP,SUPP,,,,,,,,,,108,105,44,16%,84%,64%,14%,14%,0%,73%,16%,2.8,0.8,4.8,-3.6,-5.5,-1.6,1.0,-0.9,2.9,109,107,108,63%,8%,108,106
1,15404,873,2066,110632,Lionel Walden Primary School,High Street,Doddington,,March,PE15 0TF,01354740405,E14001390,North East Cambridgeshire,0,,,CY,0,Does not apply,4-11,0,0,209,32,32,14,18,44%,56%,,,,,,,,,,6,19%,26,81%,0,0%,30,94%,69%,6%,,,,,,,,,,,,,81%,34%,0%,105,84%,16%,0%,104,84%,22%,0%,105,78%,6%,22%,0%,88%,0%,79%,61%,,,,67%,69%,-2,,67%,0%,11%,,,,0%,8%,-11,,7%,,,,,,,,,,,,,,,,,,,,,,,,,,,,,,,,,,,,,,,,,,,,,,,,,,,,,,,,,,,,,,,,,,,,,,,,,,,,,,,,,,,,,105,105,,,,103,105,,105,106,104,,,,103,105,,104,102,105,,,,104,104,,104,,,,67%,85%,,,,100%,81%,,,,83%,85%,,,,83%,77%,,,,17%,38%,,,,0%,19%,,,,0%,27%,,,,0%,8%,32,100%,0,0%,0,0%,4,13%,4,13%,32,19%,81%,72%,3%,17%,0%,85%,4%,,,,,,,,,,106,107,26,8%,92%,85%,12%,SUPP,SUPP,SUPP,SUPP,4.0,1.6,6.5,0.9,-1.5,3.2,4.4,2.1,6.6,110,109,90,74%,7%,107,107
1,32644,873,2073,145924,Wintringham Primary Academy,Nuffield Road,,,St. Neots,PE19 0AW,01480595885,E14001512,St Neots and Mid Cambridgeshire,0,,,F,0,None,2-11,0,0,300,26,27,13,14,48%,52%,,,,,,,,,,14,52%,13,48%,3,11%,15,56%,59%,7%,,,,,,,,,,,,,78%,26%,4%,106,74%,30%,4%,106,67%,26%,4%,104,74%,11%,19%,0%,85%,0%,62%,57%,,,,50%,69%,-19,SUPP,73%,8%,7%,,,,0%,15%,-11,SUPP,7%,,,,,,,,,,,,,,,,,,,,,,,,,,,,,,,,,,,,,,,,,,,,,,,,,,,,,,,,,,,,,,,,,,,,,,,,,,,,,,,,,,,,,106,107,,,,104,108,SUPP,107,104,104,,,,102,107,SUPP,104,106,107,,,,104,109,SUPP,108,,,,71%,85%,,,,64%,85%,,,,57%,77%,,,,71%,77%,,,,7%,46%,,,,21%,38%,,,,14%,38%,,,,0%,23%,24,89%,0,0%,2,7%,7,26%,9,33%,18,33%,67%,56%,0%,50%,0%,58%,0%,,,,,,,,,,106,105,5,SUPP,SUPP,SUPP,SUPP,SUPP,SUPP,SUPP,SUPP,SUPP,SUPP,SUPP,SUPP,SUPP,SUPP,SUPP,SUPP,SUPP,SUPP,SUPP,50,52%,4%,105,103
1,29200,873,2084,110645,Stretham Community Primary School,Wood Lane,Stretham,,Ely,CB6 3JN,01353649271,E14001224,Ely and East Cambridgeshire,0,,,CY,0,Does not apply,5-11,0,0,180,24,24,11,13,46%,54%,,,,,,,,,,8,33%,16,67%,1,4%,22,92%,63%,0%,,,,,,,,,,,,,79%,29%,0%,105,71%,21%,0%,104,71%,21%,0%,103,63%,0%,17%,0%,71%,0%,55%,69%,,,,50%,69%,-19,SUPP,64%,0%,0%,,,,0%,0%,-11,SUPP,0%,,,,,,,,,,,,,,,,,,,,,,,,,,,,,,,,,,,,,,,,,,,,,,,,,,,,,,,,,,,,,,,,,,,,,,,,,,,,,,,,,,,,,104,106,,,,102,107,SUPP,105,103,104,,,,100,106,SUPP,103,105,104,,,,102,106,SUPP,104,,,,63%,88%,,,,63%,75%,,,,50%,81%,,,,50%,69%,,,,25%,31%,,,,13%,25%,,,,13%,25%,,,,0%,0%,23,96%,0,0%,1,4%,6,25%,7,29%,24,38%,63%,67%,8%,56%,0%,73%,13%,,,,,,,,,,106,104,23,26%,74%,52%,9%,17%,0%,65%,12%,-2.7,-5.3,-0.1,-2.8,-5.4,-0.3,0.1,-2.3,2.6,102,104,71,61%,6%,104,104
1,18942,873,2098,147441,Offord Primary School,Millers Close,Offord Darcy,,St Neots,PE19 5SB,01480810308,E14001298,Huntingdon,0,,,AC,0,Does not apply,4-11,0,0,88,19,19,9,10,47%,53%,,,,,,,,,,7,37%,12,63%,4,21%,17,89%,68%,11%,,,,,,,,,,,,,84%,26%,11%,107,74%,11%,11%,106,74%,26%,11%,106,79%,11%,11%,5%,95%,5%,67%,70%,,,,71%,67%,2,SUPP,71%,0%,20%,,,,0%,17%,-11,SUPP,12%,,,,,,,,,,,,,,,,,,,,,,,,,,,,,,,,,,,,,,,,,,,,,,,,,,,,,,,,,,,,,,,,,,,,,,,,,,,,,,,,,,,,,106,108,,,,106,107,SUPP,107,105,106,,,,104,107,SUPP,105,106,107,,,,104,108,SUPP,106,,,,100%,75%,,,,71%,75%,,,,71%,75%,,,,71%,83%,,,,29%,25%,,,,0%,17%,,,,14%,33%,,,,0%,17%,15,79%,0,0%,3,16%,2,11%,5,26%,15,0%,100%,80%,13%,,,SUPP,SUPP,,,,,,,,,,108,107,10,40%,60%,50%,20%,SUPP,SUPP,SUPP,SUPP,3.5,-0.3,7.4,6.7,2.9,10.4,3.7,0.1,7.4,104,103,44,68%,14%,107,106
1,18108,873,2109,110658,Newnham Croft Primary School,Chedworth Street,,,Cambridge,CB3 9JF,01223508737,E14001149,Cambridge,0,,,CY,0,Does not apply,4-11,0,0,222,34,31,15,16,48%,52%,,,,,,,,,,2,6%,29,94%,10,32%,26,84%,81%,19%,,,,,,,,,,,,,97%,65%,0%,111,87%,48%,0%,110,94%,32%,0%,108,81%,29%,19%,0%,97%,0%,87%,75%,,,,SUPP,SUPP,SUPP,70%,88%,20%,19%,,,,SUPP,SUPP,SUPP,10%,23%,,,,,,,,,,,,,,,,,,,,,,,,,,,,,,,,,,,,,,,,,,,,,,,,,,,,,,,,,,,,,,,,,,,,,,,,,,,,,,,,,,,,,112,110,,,,SUPP,SUPP,110,112,109,107,,,,SUPP,SUPP,108,108,112,108,,,,SUPP,SUPP,110,111,,,,SUPP,SUPP,,,,SUPP,SUPP,,,,SUPP,SUPP,,,,SUPP,SUPP,,,,SUPP,SUPP,,,,SUPP,SUPP,,,,SUPP,SUPP,,,,SUPP,SUPP,20,65%,1,3%,0,0%,1,3%,1,3%,34,12%,88%,71%,24%,SUPP,SUPP,SUPP,SUPP,,,,,,,,,,111,107,34,9%,91%,74%,9%,SUPP,SUPP,SUPP,SUPP,4.2,1.9,6.5,0.4,-1.8,2.6,2.9,0.8,5.1,109,107,99,75%,17%,110,107
1,10696,873,2123,110668,The Grove Primary School,Campkin Road,,,Cambridge,CB4 2NB,01223577017,E14001149,Cambridge,0,,,CY,0,Does not apply,4-11,0,0,249,44,39,20,19,51%,49%,,,,,,,,,,23,59%,16,41%,18,46%,32,82%,56%,5%,,,,,,,,,,,,,64%,21%,0%,104,69%,21%,0%,104,64%,18%,0%,102,72%,13%,23%,0%,85%,0%,65%,47%,,,,43%,75%,-26,56%,56%,5%,5%,,,,0%,13%,-11,0%,6%,,,,,,,,,,,,,,,,,,,,,,,,,,,,,,,,,,,,,,,,,,,,,,,,,,,,,,,,,,,,,,,,,,,,,,,,,,,,,,,,,,,,,104,103,,,,102,106,103,104,104,99,,,,99,106,103,102,105,102,,,,101,108,106,104,,,,57%,75%,,,,65%,75%,,,,52%,81%,,,,70%,75%,,,,13%,31%,,,,4%,44%,,,,4%,38%,,,,0%,31%,20,51%,1,3%,3,8%,4,10%,7,18%,30,47%,53%,53%,7%,43%,0%,63%,13%,,,,,,,,,,102,102,38,37%,63%,45%,8%,21%,0%,58%,13%,-0.5,-2.7,1.6,-0.1,-2.2,1.9,0.7,-1.4,2.8,105,105,107,51%,7%,104,103
1,9876,873,2209,138029,Godmanchester Community Academy,Park Lane,Godmanchester,,Huntingdon,PE29 2AG,01480375115,E14001298,Huntingdon,0,,,ACC,0,Does not apply,5-11,0,0,414,61,60,37,23,62%,38%,,,,,,,,,,15,25%,45,75%,5,8%,56,93%,68%,12%,,,,,,,,,,,,,80%,27%,0%,106,68%,30%,0%,105,77%,27%,0%,105,77%,18%,18%,0%,87%,0%,78%,52%,,,,60%,71%,-9,SUPP,70%,16%,4%,,,,0%,16%,-11,SUPP,13%,,,,,,,,,,,,,,,,,,,,,,,,,,,,,,,,,,,,,,,,,,,,,,,,,,,,,,,,,,,,,,,,,,,,,,,,,,,,,,,,,,,,,106,105,,,,103,106,SUPP,106,107,101,,,,101,106,SUPP,105,106,104,,,,101,106,SUPP,106,,,,73%,82%,,,,60%,71%,,,,73%,78%,,,,67%,80%,,,,13%,31%,,,,7%,38%,,,,0%,36%,,,,0%,24%,55,92%,0,0%,4,7%,9,15%,13,22%,60,20%,80%,67%,8%,42%,0%,73%,10%,,,,,,,,,,106,106,60,13%,87%,70%,2%,13%,0%,79%,2%,1.1,-0.5,2.7,-0.7,-2.3,0.8,2.0,0.5,3.5,105,105,180,68%,7%,106,105
1,19822,873,5201,140499,Park Lane Primary & Nursery School,Park Lane,Whittlesey,,Peterborough,PE7 1JB,01733203433,E14001390,North East Cambridgeshire,0,,,ACC,0,None,3-11,0,0,453,61,60,30,30,50%,50%,,,,,,,,,,9,15%,51,85%,2,3%,59,98%,57%,2%,,,,,,,,,,,,,67%,22%,2%,103,65%,33%,2%,105,67%,10%,2%,102,73%,3%,20%,2%,88%,2%,43%,70%,,,,56%,57%,-13,SUPP,58%,0%,3%,,,,0%,2%,-11,SUPP,2%,,,,,,,,,,,,,,,,,,,,,,,,,,,,,,,,,,,,,,,,,,,,,,,,,,,,,,,,,,,,,,,,,,,,,,,,,,,,,,,,,,,,,100,106,,,,104,103,SUPP,103,101,103,,,,99,102,SUPP,102,101,108,,,,105,105,SUPP,105,,,,67%,67%,,,,67%,65%,,,,56%,69%,,,,67%,75%,,,,33%,20%,,,,33%,33%,,,,11%,10%,,,,11%,2%,58,97%,0,0%,1,2%,10,17%,11,18%,60,30%,70%,53%,13%,28%,22%,64%,10%,,,,,,,,,,104,102,60,18%,82%,57%,8%,55%,9%,57%,8%,-2.4,-4.1,-0.8,2.1,0.6,3.6,-2.6,-4.1,-1.1,103,102,180,56%,8%,103,102
2,4872,873,7012,148578,The Cavendish School,Park Drive,,,Impington,CB24 9LY,01223200421,E14001512,St Neots and Mid Cambridgeshire,0,,,FS,0,None,7-18,0,0,116,9,9,6,3,67%,33%,,,,,,,,,,3,33%,6,67%,0,0%,8,89%,0%,0%,,,,,,,,,,,,,0%,0%,89%,,0%,0%,89%,,0%,0%,100%,,44%,0%,56%,0%,89%,0%,0%,SUPP,,,,SUPP,SUPP,SUPP,,0%,0%,SUPP,,,,SUPP,SUPP,SUPP,,0%,,,,,,,,,,,,,,,,,,,,,,,,,,,,,,,,,,,,,,,,,,,,,,,,,,,,,,,,,,,,,,,,,,,,,,,,,,,,,,,,,,,,,,SUPP,,,,SUPP,SUPP,,,,SUPP,,,,SUPP,SUPP,,,,SUPP,,,,SUPP,SUPP,,,,,,SUPP,SUPP,,,,SUPP,SUPP,,,,SUPP,SUPP,,,,SUPP,SUPP,,,,SUPP,SUPP,,,,SUPP,SUPP,,,,SUPP,SUPP,,,,SUPP,SUPP,9,100%,0,0%,9,100%,0,0%,9,100%,11,9%,91%,9%,0%,SUPP,SUPP,SUPP,SUPP,,,,,,,,,,114,111,7,0%,100%,14%,0%,,,SUPP,SUPP,SUPP,SUPP,SUPP,0.6,-3.9,5.1,SUPP,SUPP,SUPP,97,97,27,7%,0%,LOWCOV,LOWCOV
1,13446,873,3022,110791,Isleham Church of England Primary School,Malting Lane,Isleham,,Ely,CB7 5RZ,01638780336,E14001224,Ely and East Cambridgeshire,0,,,VC,0,Church of England,4-11,0,0,210,29,30,17,13,57%,43%,,,,,,,,,,6,20%,24,80%,1,3%,29,97%,53%,10%,,,,,,,,,,,,,83%,33%,0%,107,73%,23%,0%,105,80%,27%,0%,106,57%,13%,37%,0%,73%,0%,53%,54%,,,,33%,58%,-36,SUPP,55%,6%,15%,,,,17%,8%,6,SUPP,10%,,,,,,,,,,,,,,,,,,,,,,,,,,,,,,,,,,,,,,,,,,,,,,,,,,,,,,,,,,,,,,,,,,,,,,,,,,,,,,,,,,,,,107,106,,,,103,107,SUPP,107,107,103,,,,101,107,SUPP,105,104,105,,,,104,105,SUPP,104,,,,50%,92%,,,,67%,75%,,,,67%,83%,,,,33%,63%,,,,17%,38%,,,,17%,25%,,,,17%,29%,,,,17%,13%,29,97%,0,0%,0,0%,6,20%,6,20%,31,10%,90%,68%,13%,SUPP,SUPP,SUPP,SUPP,,,,,,,,,,107,104,29,31%,69%,48%,7%,11%,0%,65%,10%,-1.0,-3.4,1.4,-0.8,-3.1,1.5,-2.9,-5.1,-0.7,105,102,90,57%,10%,106,104
1,32240,873,3054,110804,Wilburton CofE Primary School,Carpond Lane,Wilburton,,Ely,CB6 3RJ,01353740269,E14001224,Ely and East Cambridgeshire,0,,,VC,0,Church of England,3-11,0,0,108,11,10,2,8,20%,80%,,,,,,,,,,3,30%,7,70%,0,0%,7,70%,50%,0%,,,,,,,,,,,,,50%,10%,10%,102,30%,0%,10%,99,50%,10%,20%,103,60%,0%,20%,10%,50%,20%,SUPP,63%,,,,SUPP,SUPP,SUPP,,57%,SUPP,0%,,,,SUPP,SUPP,SUPP,,0%,,,,,,,,,,,,,,,,,,,,,,,,,,,,,,,,,,,,,,,,,,,,,,,,,,,,,,,,,,,,,,,,,,,,,,,,,,,,,,,,,,,,,SUPP,102,,,,SUPP,SUPP,,100,SUPP,103,,,,SUPP,SUPP,,102,SUPP,99,,,,SUPP,SUPP,,98,,,,SUPP,SUPP,,,,SUPP,SUPP,,,,SUPP,SUPP,,,,SUPP,SUPP,,,,SUPP,SUPP,,,,SUPP,SUPP,,,,SUPP,SUPP,,,,SUPP,SUPP,10,100%,0,0%,1,10%,1,10%,2,20%,20,25%,75%,65%,10%,SUPP,SUPP,SUPP,SUPP,,,,,,,,,,106,106,12,8%,92%,75%,8%,SUPP,SUPP,SUPP,SUPP,2.6,-1.3,6.5,2.2,-1.5,5.9,-0.1,-3.7,3.6,111,108,42,64%,7%,107,106
1,12824,873,3071,110817,Holywell CofE Primary School,Mill Way,Needingworth,,St Ives,PE27 4TF,01480462007,E14001298,Huntingdon,0,,,VC,0,Church of England,4-11,0,0,199,27,27,17,10,63%,37%,,,,,,,,,,3,11%,24,89%,1,4%,23,85%,63%,4%,,,,,,,,,,,,,81%,33%,4%,106,70%,26%,4%,104,70%,26%,4%,104,67%,4%,19%,4%,81%,4%,47%,90%,,,,SUPP,SUPP,SUPP,SUPP,74%,0%,10%,,,,SUPP,SUPP,SUPP,SUPP,4%,,,,,,,,,,,,,,,,,,,,,,,,,,,,,,,,,,,,,,,,,,,,,,,,,,,,,,,,,,,,,,,,,,,,,,,,,,,,,,,,,,,,,105,108,,,,SUPP,SUPP,SUPP,106,104,106,,,,SUPP,SUPP,SUPP,105,103,106,,,,SUPP,SUPP,SUPP,105,,,,SUPP,SUPP,,,,SUPP,SUPP,,,,SUPP,SUPP,,,,SUPP,SUPP,,,,SUPP,SUPP,,,,SUPP,SUPP,,,,SUPP,SUPP,,,,SUPP,SUPP,25,93%,1,4%,0,0%,5,19%,5,19%,27,7%,93%,78%,4%,SUPP,SUPP,SUPP,SUPP,,,,,,,,,,109,106,27,11%,89%,67%,0%,SUPP,SUPP,SUPP,SUPP,2.0,-0.3,4.4,-2.1,-4.4,0.2,0.6,-1.7,2.8,107,104,81,69%,2%,107,105
1,24214,873,3072,144289,St John's CofE Primary School,Sallowbush Road,,,Huntingdon,PE29 7LA,01480375026,E14001298,Huntingdon,0,,,ACC,0,Church of England,5-11,0,0,322,58,58,34,24,59%,41%,,,,,,,,,,20,34%,38,66%,29,50%,48,83%,62%,3%,,,,,,,,,,,,,72%,31%,0%,105,62%,9%,0%,103,76%,19%,0%,104,67%,3%,26%,0%,72%,0%,56%,71%,,,,55%,66%,-14,76%,69%,3%,4%,,,,10%,0%,-1,3%,4%,,,,,,,,,,,,,,,,,,,,,,,,,,,,,,,,,,,,,,,,,,,,,,,,,,,,,,,,,,,,,,,,,,,,,,,,,,,,,,,,,,,,,105,105,,,,104,105,105,106,106,102,,,,104,105,105,105,102,103,,,,103,103,104,104,,,,60%,79%,,,,55%,66%,,,,70%,79%,,,,65%,68%,,,,30%,32%,,,,10%,8%,,,,25%,16%,,,,10%,0%,26,45%,3,5%,5,9%,5,9%,10,17%,58,38%,62%,71%,7%,64%,5%,75%,8%,,,,,,,,,,105,105,55,45%,55%,73%,7%,60%,4%,83%,10%,1.8,0.1,3.4,0.1,-1.5,1.7,1.9,0.3,3.5,105,104,171,68%,6%,105,104
1,8284,873,3308,110830,Elsworth CofE VA Primary School,Broad End,Elsworth,,,CB23 4JD,01945267272,E14001512,St Neots and Mid Cambridgeshire,0,,,VA,0,Church of England,4-11,0,0,130,23,22,9,13,41%,59%,,,,,,,,,,1,5%,21,95%,3,14%,22,100%,77%,14%,,,,,,,,,,,,,86%,50%,0%,108,86%,41%,0%,108,86%,36%,0%,107,82%,14%,5%,0%,86%,0%,67%,85%,,,,SUPP,SUPP,SUPP,SUPP,77%,0%,23%,,,,SUPP,SUPP,SUPP,SUPP,14%,,,,,,,,,,,,,,,,,,,,,,,,,,,,,,,,,,,,,,,,,,,,,,,,,,,,,,,,,,,,,,,,,,,,,,,,,,,,,,,,,,,,,105,109,,,,SUPP,SUPP,SUPP,108,104,109,,,,SUPP,SUPP,SUPP,107,105,110,,,,SUPP,SUPP,SUPP,108,,,,SUPP,SUPP,,,,SUPP,SUPP,,,,SUPP,SUPP,,,,SUPP,SUPP,,,,SUPP,SUPP,,,,SUPP,SUPP,,,,SUPP,SUPP,,,,SUPP,SUPP,18,82%,1,5%,0,0%,3,14%,3,14%,17,24%,76%,53%,12%,SUPP,SUPP,SUPP,SUPP,,,,,,,,,,106,107,20,15%,85%,40%,0%,SUPP,SUPP,SUPP,SUPP,0.9,-2.2,4.1,-7.4,-10.4,-4.3,-0.3,-3.2,2.7,103,103,59,58%,8%,105,105
1,29670,873,3325,110834,Teversham CofE VA Primary School,Church Road,Teversham,,Cambridge,CB1 9AZ,01223293357,E14001481,South Cambridgeshire,0,,,VA,0,Church of England,4-11,0,0,173,30,30,12,18,40%,60%,,,,,,,,,,15,50%,15,50%,5,17%,27,90%,73%,17%,,,,,,,,,,,,,83%,47%,0%,107,77%,33%,0%,105,80%,23%,0%,105,73%,20%,27%,0%,77%,0%,67%,78%,,,,47%,100%,-22,SUPP,74%,0%,28%,,,,0%,33%,-11,SUPP,19%,,,,,,,,,,,,,,,,,,,,,,,,,,,,,,,,,,,,,,,,,,,,,,,,,,,,,,,,,,,,,,,,,,,,,,,,,,,,,,,,,,,,,104,109,,,,102,112,SUPP,107,104,106,,,,102,109,SUPP,106,101,108,,,,100,110,SUPP,106,,,,67%,100%,,,,53%,100%,,,,60%,100%,,,,47%,100%,,,,20%,73%,,,,13%,53%,,,,7%,40%,,,,0%,40%,24,80%,1,3%,1,3%,6,20%,7,23%,22,59%,41%,50%,5%,38%,0%,67%,11%,,,,,,,,,,102,101,24,50%,50%,50%,0%,17%,0%,83%,0%,-0.3,-2.9,2.3,-3.1,-5.6,-0.7,-4.2,-6.7,-1.8,104,100,76,59%,8%,105,102
1,26624,873,3358,110840,St Philip's CofE Aided Primary School,2 Vinery Way,,,Cambridge,CB1 3DR,01223508707,E14001149,Cambridge,0,,,VA,0,Church of England,4-11,0,0,227,39,38,21,17,55%,45%,,,,,,,,,,12,32%,26,68%,15,39%,37,97%,26%,0%,,,,,,,,,,,,,71%,45%,3%,107,71%,24%,3%,106,71%,21%,3%,105,34%,0%,45%,5%,82%,5%,19%,35%,,,,8%,35%,-61,20%,24%,0%,0%,,,,0%,0%,-11,0%,0%,,,,,,,,,,,,,,,,,,,,,,,,,,,,,,,,,,,,,,,,,,,,,,,,,,,,,,,,,,,,,,,,,,,,,,,,,,,,,,,,,,,,,106,109,,,,103,109,108,108,104,106,,,,103,106,105,105,103,109,,,,102,107,106,106,,,,42%,85%,,,,50%,81%,,,,58%,77%,,,,8%,46%,,,,33%,50%,,,,17%,27%,,,,8%,27%,,,,0%,0%,23,61%,0,0%,3,8%,5,13%,8,21%,40,38%,63%,60%,5%,40%,0%,72%,8%,,,,,,,,,,108,105,41,37%,63%,63%,10%,47%,7%,72%,12%,-0.6,-2.6,1.5,0.8,-1.2,2.7,-0.1,-2.1,1.8,104,104,119,50%,5%,106,105
1,30788,873,3389,134894,The Vine Inter-Church Primary School,The Vines,Upper Cambourne,,Cambourne,CB23 6DY,01954719630,E14001512,St Neots and Mid Cambridgeshire,0,,,VA,0,Church of England/Methodist,4-11,0,0,374,60,61,30,31,49%,51%,,,,,,,,,,11,18%,50,82%,21,34%,55,90%,56%,8%,,,,,,,,,,,,,69%,33%,0%,105,74%,38%,0%,107,70%,33%,0%,105,69%,10%,25%,0%,82%,0%,60%,52%,,,,18%,64%,-51,81%,60%,10%,6%,,,,0%,10%,-11,10%,9%,,,,,,,,,,,,,,,,,,,,,,,,,,,,,,,,,,,,,,,,,,,,,,,,,,,,,,,,,,,,,,,,,,,,,,,,,,,,,,,,,,,,,108,103,,,,101,106,106,106,108,103,,,,100,106,109,106,108,106,,,,103,108,110,108,,,,36%,76%,,,,55%,78%,,,,55%,74%,,,,36%,76%,,,,9%,38%,,,,18%,42%,,,,9%,38%,,,,0%,12%,40,66%,0,0%,3,5%,7,11%,10,16%,62,18%,82%,65%,3%,27%,0%,73%,4%,,,,,,,,,,107,109,64,22%,78%,69%,8%,43%,0%,76%,10%,2.8,1.1,4.6,0.0,-1.7,1.6,2.5,0.9,4.2,105,106,187,63%,6%,106,107
1,19152,873,3390,134979,Orchard Park Community Primary School,Ringfort Road,Orchard Park,,Cambridge,CB4 2GR,01223438200,E14001512,St Neots and Mid Cambridgeshire,0,,,CY,0,Does not apply,3-11,0,0,192,28,23,15,8,65%,35%,,,,,,,,,,16,70%,7,30%,7,30%,18,78%,41%,9%,,,,,,,,,,,,,61%,13%,4%,104,65%,22%,4%,104,48%,13%,4%,101,64%,9%,23%,0%,73%,5%,21%,75%,,,,40%,43%,-29,29%,41%,0%,25%,,,,0%,29%,-11,14%,12%,,,,,,,,,,,,,,,,,,,,,,,,,,,,,,,,,,,,,,,,,,,,,,,,,,,,,,,,,,,,,,,,,,,,,,,,,,,,,,,,,,,,,101,108,,,,102,107,104,103,99,104,,,,99,105,106,99,100,110,,,,103,107,104,104,,,,50%,86%,,,,63%,71%,,,,44%,57%,,,,60%,71%,,,,6%,29%,,,,13%,43%,,,,0%,43%,,,,0%,29%,16,70%,0,0%,4,17%,5,22%,9,39%,29,48%,52%,41%,3%,29%,0%,53%,7%,,,,,,,,,,101,99,17,12%,88%,76%,6%,SUPP,SUPP,SUPP,SUPP,0.9,-2.5,4.3,-0.9,-4.2,2.4,1.5,-1.7,4.7,106,106,69,50%,6%,103,101
1,2134,873,3943,135132,The Bellbird Primary School,Link Road,Sawston,,Cambridge,CB22 3GB,01223833216,E14001481,South Cambridgeshire,0,,,CY,0,Does not apply,4-11,0,0,410,61,60,28,32,47%,53%,,,,,,,,,,12,20%,48,80%,3,5%,57,95%,70%,2%,,,,,,,,,,,,,85%,52%,0%,109,85%,47%,0%,109,78%,40%,0%,106,72%,2%,22%,0%,88%,0%,57%,81%,,,,25%,81%,-44,SUPP,72%,4%,0%,,,,0%,2%,-11,SUPP,2%,,,,,,,,,,,,,,,,,,,,,,,,,,,,,,,,,,,,,,,,,,,,,,,,,,,,,,,,,,,,,,,,,,,,,,,,,,,,,,,,,,,,,107,110,,,,104,110,SUPP,109,105,108,,,,99,108,SUPP,107,106,112,,,,99,112,SUPP,109,,,,58%,92%,,,,50%,94%,,,,50%,85%,,,,25%,83%,,,,17%,60%,,,,8%,56%,,,,8%,48%,,,,0%,2%,56,93%,1,2%,2,3%,7,12%,9,15%,58,10%,90%,53%,3%,17%,0%,58%,4%,,,,,,,,,,107,107,60,32%,68%,40%,2%,21%,0%,49%,2%,0.7,-1.0,2.5,-6.5,-8.1,-4.8,-1.1,-2.8,0.6,106,104,178,54%,2%,107,106
1,1934,873,2082,110643,Beaupre Community Primary School,Church Drove,Outwell,,Wisbech,PE14 8RH,01945772439,E14001497,South West Norfolk,0,,,CY,0,Does not apply,4-11,0,0,153,27,26,14,12,54%,46%,,,,,,,,,,12,46%,14,54%,3,12%,26,100%,46%,4%,,,,,,,,,,,,,65%,19%,0%,103,54%,19%,0%,103,58%,19%,0%,102,58%,4%,19%,0%,62%,0%,43%,50%,,,,42%,50%,-27,SUPP,46%,7%,0%,,,,8%,0%,-3,SUPP,4%,,,,,,,,,,,,,,,,,,,,,,,,,,,,,,,,,,,,,,,,,,,,,,,,,,,,,,,,,,,,,,,,,,,,,,,,,,,,,,,,,,,,,105,101,,,,102,104,SUPP,103,104,99,,,,101,102,SUPP,102,103,103,,,,101,104,SUPP,103,,,,67%,64%,,,,50%,57%,,,,50%,64%,,,,58%,57%,,,,17%,21%,,,,8%,29%,,,,25%,14%,,,,8%,0%,23,88%,0,0%,6,23%,4,15%,10,38%,29,41%,59%,54%,4%,55%,0%,53%,6%,,,,,,,,,,104,103,31,45%,55%,43%,3%,23%,0%,59%,6%,-2.2,-4.5,0.0,-3.4,-5.5,-1.2,-1.9,-4.0,0.2,102,102,86,48%,4%,103,102
1,28220,873,2089,146968,Somersham Primary School,Parkhall Road,,,Somersham,PE28 3EU,01487840412,E14001298,Huntingdon,0,,,AC,0,Does not apply,4-11,0,0,303,45,42,19,23,45%,55%,,,,,,,,,,14,33%,28,67%,1,2%,37,88%,74%,7%,,,,,,,,,,,,,81%,40%,2%,108,71%,33%,2%,106,79%,31%,2%,105,81%,10%,2%,0%,76%,0%,63%,83%,,,,36%,93%,-33,SUPP,78%,0%,13%,,,,0%,11%,-11,SUPP,8%,,,,,,,,,,,,,,,,,,,,,,,,,,,,,,,,,,,,,,,,,,,,,,,,,,,,,,,,,,,,,,,,,,,,,,,,,,,,,,,,,,,,,105,110,,,,107,108,SUPP,109,103,106,,,,99,107,SUPP,106,101,109,,,,101,108,SUPP,107,,,,57%,93%,,,,36%,89%,,,,43%,96%,,,,50%,96%,,,,36%,43%,,,,14%,43%,,,,14%,39%,,,,0%,14%,40,95%,1,2%,1,2%,9,21%,10,24%,42,21%,79%,64%,7%,56%,11%,67%,6%,,,,,,,,,,105,105,49,35%,65%,58%,8%,50%,0%,63%,13%,-1.6,-3.4,0.3,-0.6,-2.3,1.2,-0.9,-2.6,0.8,103,103,133,65%,8%,105,104
1,10368,873,2100,150022,Great Wilbraham CofE Primary Academy,Church Street,Great Wilbraham,,Cambridge,CB21 5JQ,01223880408,E14001481,South Cambridgeshire,0,,,AC,0,Church of England,3-11,0,0,86,10,10,6,4,60%,40%,,,,,,,,,,0,0%,10,100%,2,20%,10,100%,70%,20%,,,,,,,,,,,,,90%,70%,0%,109,70%,40%,0%,107,80%,40%,0%,107,80%,20%,20%,0%,90%,0%,67%,SUPP,,,,,SUPP,,SUPP,70%,0%,SUPP,,,,,SUPP,,SUPP,20%,,,,,,,,,,,,,,,,,,,,,,,,,,,,,,,,,,,,,,,,,,,,,,,,,,,,,,,,,,,,,,,,,,,,,,,,,,,,,,,,,,,,,109,SUPP,,,,,SUPP,SUPP,109,108,SUPP,,,,,SUPP,SUPP,107,106,SUPP,,,,,SUPP,SUPP,107,,,,,SUPP,,,,,SUPP,,,,,SUPP,,,,,SUPP,,,,,SUPP,,,,,SUPP,,,,,SUPP,,,,,SUPP,8,80%,0,0%,0,0%,1,10%,1,10%,8,25%,75%,38%,0%,SUPP,SUPP,SUPP,SUPP,,,,,,,,,,105,100,,,,,,,,,,,,,,,,,,,,,,NA,NA,NA,NA
1,17450,873,2107,110657,Morley Memorial Primary School,Blinco Grove,,,Cambridge,CB1 7TX,01223508786,E14001481,South Cambridgeshire,0,,,CY,0,Does not apply,4-11,0,0,381,56,53,20,33,38%,62%,,,,,,,,,,10,19%,43,81%,23,43%,48,91%,53%,11%,,,,,,,,,,,,,83%,43%,0%,107,77%,40%,0%,107,74%,25%,0%,103,53%,15%,43%,0%,87%,0%,40%,61%,,,,10%,63%,-59,65%,52%,0%,18%,,,,0%,14%,-11,4%,10%,,,,,,,,,,,,,,,,,,,,,,,,,,,,,,,,,,,,,,,,,,,,,,,,,,,,,,,,,,,,,,,,,,,,,,,,,,,,,,,,,,,,,104,108,,,,106,107,105,107,102,104,,,,97,105,104,103,104,109,,,,102,109,108,107,,,,90%,81%,,,,70%,79%,,,,40%,81%,,,,10%,63%,,,,30%,47%,,,,0%,49%,,,,0%,30%,,,,0%,19%,29,55%,1,2%,2,4%,12,23%,14,26%,53,21%,79%,68%,13%,45%,0%,74%,17%,,,,,,,,,,107,103,58,21%,79%,57%,16%,17%,17%,67%,15%,2.2,0.5,3.9,0.1,-1.6,1.8,2.0,0.4,3.7,107,106,164,59%,13%,107,104
1,29808,873,2001,136814,Thorndown Primary School,Hill Rise,,,St Ives,PE27 6SE,01480375103,E14001298,Huntingdon,0,,,CY,0,Does not apply,4-11,0,0,493,75,75,34,41,45%,55%,,,,,,,,,,16,21%,59,79%,10,13%,68,91%,61%,5%,,,,,,,,,,,,,84%,47%,0%,108,87%,41%,0%,108,81%,31%,0%,107,65%,7%,29%,0%,77%,0%,53%,68%,,,,44%,66%,-25,50%,63%,0%,10%,,,,0%,7%,-11,0%,6%,,,,,,,,,,,,,,,,,,,,,,,,,,,,,,,,,,,,,,,,,,,,,,,,,,,,,,,,,,,,,,,,,,,,,,,,,,,,,,,,,,,,,106,109,,,,105,109,105,108,107,107,,,,104,108,106,107,107,110,,,,105,109,105,108,,,,75%,86%,,,,81%,88%,,,,75%,83%,,,,50%,69%,,,,19%,54%,,,,19%,47%,,,,6%,37%,,,,0%,8%,65,87%,0,0%,2,3%,9,12%,11,15%,81,20%,80%,63%,9%,50%,0%,66%,11%,,,,,,,,,,107,105,90,23%,77%,60%,2%,48%,5%,64%,1%,0.6,-0.7,2.0,-1.9,-3.1,-0.6,-0.9,-2.2,0.3,106,104,246,61%,5%,107,105
1,1780,873,2002,110602,Bassingbourn Primary School,Brook Road,Bassingbourn,"Bassingbourn Cp School, Brook Road",Royston,SG8 5NP,01763242460,E14001481,South Cambridgeshire,0,,,CY,0,Does not apply,5-11,0,0,365,55,56,24,32,43%,57%,,,,,,,,,,11,20%,45,80%,3,5%,49,88%,52%,7%,,,,,,,,,,,,,66%,39%,0%,104,66%,23%,0%,102,64%,25%,0%,103,66%,13%,29%,0%,73%,0%,33%,66%,,,,36%,56%,-33,SUPP,55%,0%,13%,,,,0%,9%,-11,SUPP,8%,,,,,,,,,,,,,,,,,,,,,,,,,,,,,,,,,,,,,,,,,,,,,,,,,,,,,,,,,,,,,,,,,,,,,,,,,,,,,,,,,,,,,101,106,,,,103,104,SUPP,106,101,104,,,,100,103,SUPP,104,99,105,,,,103,102,SUPP,104,,,,55%,69%,,,,64%,67%,,,,45%,69%,,,,55%,69%,,,,18%,44%,,,,18%,24%,,,,9%,29%,,,,0%,16%,52,93%,1,2%,3,5%,12,21%,15,27%,60,23%,77%,15%,0%,0%,0%,20%,0%,,,,,,,,,,103,99,61,20%,80%,49%,3%,25%,0%,55%,4%,-0.2,-1.8,1.5,-2.4,-3.9,-0.8,-0.4,-2.0,1.2,104,104,177,38%,3%,104,102
1,21930,873,2019,139634,The Round House Primary Academy,School Drive,,,St Neots,PE19 6AW,01480479890,E14001512,St Neots and Mid Cambridgeshire,0,,,AC,0,Does not apply,2-11,0,0,409,56,57,28,29,49%,51%,,,,,,,,,,19,33%,38,67%,12,21%,50,88%,60%,9%,,,,,,,,,,,,,74%,32%,0%,105,79%,35%,0%,107,77%,19%,0%,104,77%,12%,23%,0%,86%,0%,71%,48%,,,,47%,66%,-22,67%,64%,7%,10%,,,,0%,13%,-11,8%,10%,,,,,,,,,,,,,,,,,,,,,,,,,,,,,,,,,,,,,,,,,,,,,,,,,,,,,,,,,,,,,,,,,,,,,,,,,,,,,,,,,,,,,104,106,,,,102,107,105,106,106,102,,,,100,106,107,104,106,107,,,,103,109,108,107,,,,58%,82%,,,,63%,87%,,,,63%,84%,,,,63%,84%,,,,16%,39%,,,,16%,45%,,,,0%,29%,,,,0%,18%,45,79%,0,0%,3,5%,11,19%,14,25%,48,23%,77%,69%,17%,27%,0%,81%,22%,,,,,,,,,,108,107,60,33%,67%,80%,10%,65%,0%,88%,15%,3.7,2.0,5.3,2.7,1.1,4.3,4.8,3.2,6.3,107,107,165,70%,12%,107,106
1,21042,873,2020,140173,Ramnoth Junior School,Ramnoth Road,,,Wisbech,PE13 2JB,01945583690,E14001390,North East Cambridgeshire,0,,,AC,0,Does not apply,7-11,0,0,350,90,84,44,40,52%,48%,,,,,,,,,,43,51%,41,49%,39,46%,84,100%,57%,2%,,,,,,,,,,,,,69%,24%,1%,103,61%,8%,1%,101,65%,18%,1%,101,76%,6%,23%,0%,81%,0%,61%,53%,,,,56%,59%,-13,54%,57%,2%,3%,,,,0%,5%,-11,3%,2%,,,,,,,,,,,,,,,,,,,,,,,,,,,,,,,,,,,,,,,,,,,,,,,,,,,,,,,,,,,,,,,,,,,,,,,,,,,,,,,,,,,,,103,102,,,,103,103,102,103,103,100,,,,100,102,101,101,101,102,,,,102,101,101,101,,,,70%,68%,,,,60%,61%,,,,60%,71%,,,,72%,80%,,,,21%,27%,,,,7%,10%,,,,14%,22%,,,,2%,10%,45,54%,0,0%,3,4%,17,20%,20,24%,82,50%,50%,61%,2%,54%,0%,68%,5%,,,,,,,,,,105,102,72,53%,47%,46%,1%,34%,0%,59%,3%,-0.1,-1.6,1.4,-0.8,-2.2,0.6,-1.9,-3.3,-0.5,101,98,238,55%,2%,103,101
1,8446,873,2037,141949,Ermine Street Church Academy,2 Swynford Road,,,Alconbury Weald,PE28 4XG,01480276510,E14001298,Huntingdon,0,,,AC,0,Church of England/Methodist,4-11,0,0,322,37,37,24,13,65%,35%,,,,,,,,,,7,19%,30,81%,8,22%,34,92%,84%,11%,,,,,,,,,,,,,92%,51%,0%,109,86%,38%,0%,108,89%,46%,0%,109,84%,11%,14%,0%,97%,0%,88%,77%,,,,57%,90%,-12,88%,88%,8%,15%,,,,14%,10%,3,13%,12%,,,,,,,,,,,,,,,,,,,,,,,,,,,,,,,,,,,,,,,,,,,,,,,,,,,,,,,,,,,,,,,,,,,,,,,,,,,,,,,,,,,,,110,109,,,,106,110,109,110,111,106,,,,104,110,109,110,108,107,,,,104,109,108,108,,,,86%,93%,,,,57%,93%,,,,71%,93%,,,,57%,90%,,,,29%,57%,,,,14%,43%,,,,14%,53%,,,,14%,10%,27,73%,2,5%,3,8%,4,11%,7,19%,26,0%,100%,62%,0%,,,SUPP,SUPP,,,,,,,,,,105,102,26,12%,88%,62%,0%,SUPP,SUPP,SUPP,SUPP,2.5,-0.1,5.1,0.7,-1.8,3.1,1.9,-0.5,4.3,105,104,89,71%,4%,107,105
1,25444,873,2038,142034,St Mary's Church of England Primary School St Neots,Wintringham Road,,,St Neots,PE19 1NX,01480398048,E14001512,St Neots and Mid Cambridgeshire,0,,,AC,0,Church of England,3-11,0,0,70,6,5,SUPP,SUPP,SUPP,SUPP,,,,,,,,,,SUPP,SUPP,SUPP,SUPP,SUPP,SUPP,SUPP,SUPP,SUPP,SUPP,,,,,,,,,,,,,SUPP,SUPP,SUPP,SUPP,SUPP,SUPP,SUPP,SUPP,SUPP,SUPP,SUPP,SUPP,SUPP,SUPP,SUPP,SUPP,SUPP,SUPP,SUPP,SUPP,,,,SUPP,SUPP,SUPP,SUPP,SUPP,SUPP,SUPP,,,,SUPP,SUPP,SUPP,SUPP,SUPP,,,,,,,,,,,,,,,,,,,,,,,,,,,,,,,,,,,,,,,,,,,,,,,,,,,,,,,,,,,,,,,,,,,,,,,,,,,,,,,,,,,,,SUPP,SUPP,,,,SUPP,SUPP,SUPP,SUPP,SUPP,SUPP,,,,SUPP,SUPP,SUPP,SUPP,SUPP,SUPP,,,,SUPP,SUPP,SUPP,SUPP,,,,SUPP,SUPP,,,,SUPP,SUPP,,,,SUPP,SUPP,,,,SUPP,SUPP,,,,SUPP,SUPP,,,,SUPP,SUPP,,,,SUPP,SUPP,,,,SUPP,SUPP,SUPP,SUPP,SUPP,SUPP,SUPP,SUPP,SUPP,SUPP,SUPP,SUPP,7,43%,57%,43%,0%,SUPP,SUPP,SUPP,SUPP,,,,,,,,,,103,102,17,47%,53%,29%,0%,38%,0%,22%,0%,-2.8,-5.9,0.4,1.4,-1.6,4.5,-3.9,-6.9,-0.9,100,99,29,34%,0%,102,100
1,30336,873,2051,144770,Trumpington Park Primary School,Hobson Avenue,Trumpington,Trumpington,Cambridge,CB2 9EG,01223491660,E14001149,Cambridge,0,,,F,0,None,4-11,0,0,417,58,54,23,31,43%,57%,,,,,,,,,,23,43%,31,57%,28,52%,48,89%,70%,9%,,,,,,,,,,,,,80%,48%,0%,108,80%,46%,6%,109,78%,39%,0%,107,76%,13%,17%,0%,80%,0%,70%,71%,,,,57%,81%,-12,71%,71%,0%,16%,,,,0%,16%,-11,4%,10%,,,,,,,,,,,,,,,,,,,,,,,,,,,,,,,,,,,,,,,,,,,,,,,,,,,,,,,,,,,,,,,,,,,,,,,,,,,,,,,,,,,,,107,108,,,,103,111,109,108,108,106,,,,102,111,109,107,108,109,,,,103,113,109,109,,,,65%,90%,,,,61%,94%,,,,61%,90%,,,,65%,84%,,,,26%,65%,,,,13%,71%,,,,9%,61%,,,,0%,23%,25,46%,1,2%,3,6%,13,24%,16,30%,43,30%,70%,67%,14%,38%,0%,80%,20%,,,,,,,,,,108,107,29,48%,52%,69%,24%,57%,14%,80%,33%,3.1,0.6,5.6,4.3,2.0,6.6,4.7,2.5,6.9,107,109,126,69%,14%,108,108
1,7470,873,2052,144947,Downham Feoffees Primary Academy,Main Street,Little Downham,,Ely,CB6 2ST,01353699325,E14001224,Ely and East Cambridgeshire,0,,,AC,0,Does not apply,4-11,0,0,149,18,18,11,7,61%,39%,,,,,,,,,,4,22%,14,78%,3,17%,17,94%,61%,11%,,,,,,,,,,,,,61%,22%,0%,103,78%,28%,0%,106,83%,22%,0%,104,78%,17%,22%,0%,78%,0%,64%,57%,,,,SUPP,SUPP,SUPP,SUPP,59%,9%,14%,,,,SUPP,SUPP,SUPP,SUPP,12%,,,,,,,,,,,,,,,,,,,,,,,,,,,,,,,,,,,,,,,,,,,,,,,,,,,,,,,,,,,,,,,,,,,,,,,,,,,,,,,,,,,,,102,105,,,,SUPP,SUPP,SUPP,103,104,105,,,,SUPP,SUPP,SUPP,104,105,107,,,,SUPP,SUPP,SUPP,105,,,,SUPP,SUPP,,,,SUPP,SUPP,,,,SUPP,SUPP,,,,SUPP,SUPP,,,,SUPP,SUPP,,,,SUPP,SUPP,,,,SUPP,SUPP,,,,SUPP,SUPP,15,83%,0,0%,0,0%,2,11%,2,11%,28,29%,71%,57%,4%,38%,0%,65%,5%,,,,,,,,,,103,103,19,32%,68%,47%,0%,17%,0%,62%,0%,-0.1,-3.0,2.7,-1.2,-4.0,1.5,-0.7,-3.3,2.0,107,105,65,55%,5%,104,104
1,8722,873,2055,145302,Farcet CofE (C) Primary School,St. Marys Street,Farcet,,Peterborough,PE7 3AR,01733240337,E14001401,North West Cambridgeshire,0,,,AC,0,Church of England,5-11,0,0,86,15,16,10,6,63%,38%,,,,,,,,,,6,38%,10,63%,3,19%,13,81%,38%,0%,,,,,,,,,,,,,56%,25%,6%,102,56%,6%,6%,102,50%,0%,0%,99,63%,0%,25%,0%,75%,0%,20%,67%,,,,33%,40%,-36,SUPP,38%,0%,0%,,,,0%,0%,-11,SUPP,0%,,,,,,,,,,,,,,,,,,,,,,,,,,,,,,,,,,,,,,,,,,,,,,,,,,,,,,,,,,,,,,,,,,,,,,,,,,,,,,,,,,,,,99,107,,,,103,102,SUPP,102,98,99,,,,98,99,SUPP,98,99,106,,,,102,102,SUPP,102,,,,33%,70%,,,,50%,60%,,,,33%,60%,,,,50%,70%,,,,17%,30%,,,,17%,0%,,,,0%,0%,,,,0%,0%,13,81%,0,0%,2,13%,1,6%,3,19%,17,41%,59%,35%,0%,43%,0%,30%,0%,,,,,,,,,,99,98,11,36%,64%,45%,0%,SUPP,SUPP,SUPP,SUPP,-1.2,-5.1,2.7,-5.5,-9.2,-1.7,-4.4,-8.1,-0.8,105,99,44,39%,0%,102,99
1,21628,873,2070,110635,Robert Arkenstall Primary School,Camping Close,High Street,Haddenham,Ely,CB6 3UA,01353740253,E14001224,Ely and East Cambridgeshire,0,,,CY,0,Does not apply,4-11,0,0,286,36,36,14,22,39%,61%,,,,,,,,,,8,22%,28,78%,2,6%,36,100%,53%,6%,,,,,,,,,,,,,75%,33%,6%,107,67%,28%,6%,106,58%,17%,6%,103,69%,6%,19%,0%,72%,0%,50%,55%,,,,38%,57%,-31,SUPP,53%,0%,9%,,,,13%,4%,2,SUPP,6%,,,,,,,,,,,,,,,,,,,,,,,,,,,,,,,,,,,,,,,,,,,,,,,,,,,,,,,,,,,,,,,,,,,,,,,,,,,,,,,,,,,,,107,107,,,,103,109,SUPP,107,103,103,,,,101,103,SUPP,103,104,107,,,,103,107,SUPP,106,,,,50%,82%,,,,50%,71%,,,,50%,61%,,,,50%,75%,,,,13%,39%,,,,13%,32%,,,,13%,18%,,,,13%,4%,34,94%,0,0%,0,0%,7,19%,7,19%,37,22%,78%,41%,8%,0%,0%,52%,10%,,,,,,,,,,104,102,40,23%,78%,73%,18%,56%,11%,77%,19%,3.0,1.0,5.0,1.4,-0.5,3.3,2.2,0.3,4.0,108,106,113,56%,11%,107,104
1,348,873,2087,136653,Alderman Jacobs School,Drybread Road,Whittlesey,,Peterborough,PE7 1XJ,01733202403,E14001390,North East Cambridgeshire,0,,,ACC,0,Does not apply,3-11,0,0,658,89,90,43,47,48%,52%,,,,,,,,,,30,33%,60,67%,5,6%,86,96%,66%,4%,,,,,,,,,,,,,77%,22%,0%,103,60%,9%,0%,101,73%,20%,0%,103,77%,11%,16%,0%,89%,0%,53%,77%,,,,67%,65%,-2,SUPP,67%,2%,6%,,,,0%,7%,-11,SUPP,5%,,,,,,,,,,,,,,,,,,,,,,,,,,,,,,,,,,,,,,,,,,,,,,,,,,,,,,,,,,,,,,,,,,,,,,,,,,,,,,,,,,,,,102,104,,,,103,104,SUPP,104,101,105,,,,102,103,SUPP,103,98,104,,,,99,102,SUPP,101,,,,73%,78%,,,,50%,65%,,,,73%,73%,,,,73%,78%,,,,20%,23%,,,,7%,10%,,,,13%,23%,,,,0%,17%,85,94%,0,0%,2,2%,18,20%,20,22%,87,28%,72%,57%,3%,46%,0%,62%,5%,,,,,,,,,,103,102,95,27%,73%,58%,19%,38%,12%,65%,22%,-0.9,-2.1,0.4,1.9,0.7,3.1,0.8,-0.4,2.0,105,105,272,60%,9%,104,103
1,17958,873,2088,140538,New Road Primary & Nursery School,New Road,Whittlesey,,Peterborough,PE7 1SZ,01733204422,E14001390,North East Cambridgeshire,0,,,ACC,0,Does not apply,2-11,0,0,261,32,32,19,13,59%,41%,,,,,,,,,,11,34%,21,66%,7,22%,28,88%,31%,6%,,,,,,,,,,,,,44%,16%,0%,100,47%,13%,3%,101,38%,13%,3%,99,69%,6%,25%,0%,78%,0%,26%,38%,,,,18%,38%,-51,29%,36%,5%,8%,,,,0%,10%,-11,0%,7%,,,,,,,,,,,,,,,,,,,,,,,,,,,,,,,,,,,,,,,,,,,,,,,,,,,,,,,,,,,,,,,,,,,,,,,,,,,,,,,,,,,,,100,101,,,,97,102,96,102,101,96,,,,94,101,101,100,99,103,,,,99,102,97,102,,,,27%,52%,,,,45%,48%,,,,18%,48%,,,,55%,76%,,,,0%,24%,,,,0%,19%,,,,0%,19%,,,,0%,10%,25,78%,0,0%,3,9%,4,13%,7,22%,29,45%,55%,14%,0%,8%,0%,19%,0%,,,,,,,,,,98,95,34,47%,53%,47%,0%,31%,0%,61%,0%,-0.9,-3.1,1.3,-0.7,-2.8,1.4,-4.3,-6.3,-2.3,105,100,95,32%,2%,101,98
1,4178,873,2102,150756,Burrough Green CofE Primary Academy,Bradley Road,Burrough Green,,Newmarket,CB8 9NH,01638507236,E14001224,Ely and East Cambridgeshire,0,,,AC,0,Church of England,4-11,0,0,54,1,1,SUPP,SUPP,SUPP,SUPP,,,,,,,,,,SUPP,SUPP,SUPP,SUPP,SUPP,SUPP,SUPP,SUPP,SUPP,SUPP,,,,,,,,,,,,,SUPP,SUPP,SUPP,SUPP,SUPP,SUPP,SUPP,SUPP,SUPP,SUPP,SUPP,SUPP,SUPP,SUPP,SUPP,SUPP,SUPP,SUPP,SUPP,,,,,SUPP,,SUPP,,SUPP,SUPP,,,,,SUPP,,SUPP,,SUPP,,,,,,,,,,,,,,,,,,,,,,,,,,,,,,,,,,,,,,,,,,,,,,,,,,,,,,,,,,,,,,,,,,,,,,,,,,,,,,,,,,,,,SUPP,,,,,SUPP,,,SUPP,SUPP,,,,,SUPP,,,SUPP,SUPP,,,,,SUPP,,,SUPP,,,,SUPP,,,,,SUPP,,,,,SUPP,,,,,SUPP,,,,,SUPP,,,,,SUPP,,,,,SUPP,,,,,SUPP,,SUPP,SUPP,SUPP,SUPP,SUPP,SUPP,SUPP,SUPP,SUPP,SUPP,,,,,,,,,,,,,,,,,,,,,,,,,,,,,,,,,,,,,,,,,,NA,NA,,NA
1,6162,873,2119,110665,Colville Primary School,Colville Road,Cherry Hinton,,Cambridge,CB1 9EJ,01223576246,E14001481,South Cambridgeshire,0,,,CY,0,Does not apply,3-11,0,0,228,34,29,19,10,66%,34%,,,,,,,,,,11,38%,18,62%,8,28%,25,86%,62%,14%,,,,,,,,,,,,,69%,28%,0%,103,66%,34%,0%,105,69%,28%,0%,104,66%,17%,34%,0%,79%,0%,58%,70%,,,,55%,67%,-14,75%,56%,16%,10%,,,,0%,22%,-11,25%,16%,,,,,,,,,,,,,,,,,,,,,,,,,,,,,,,,,,,,,,,,,,,,,,,,,,,,,,,,,,,,,,,,,,,,,,,,,,,,,,,,,,,,,103,104,,,,104,103,105,103,104,103,,,,100,106,108,103,105,104,,,,103,106,107,105,,,,64%,72%,,,,64%,67%,,,,55%,78%,,,,55%,72%,,,,27%,28%,,,,27%,39%,,,,0%,44%,,,,0%,28%,20,69%,1,3%,6,21%,5,17%,11,38%,29,21%,79%,55%,7%,67%,0%,52%,9%,,,,,,,,,,105,104,31,32%,68%,45%,10%,20%,0%,57%,14%,-0.5,-2.8,1.8,1.3,-0.9,3.5,-2.5,-4.6,-0.3,102,100,89,54%,10%,103,102
1,9292,873,2012,110608,Foxton Primary School,11 Hardman Road,Foxton,,Cambridge,CB22 6RN,01223712447,E14001481,South Cambridgeshire,0,,,CY,0,Does not apply,5-11,0,0,76,9,9,4,5,44%,56%,,,,,,,,,,3,33%,6,67%,0,0%,8,89%,67%,33%,,,,,,,,,,,,,67%,33%,11%,108,78%,33%,11%,108,78%,33%,11%,107,78%,33%,11%,0%,67%,0%,SUPP,SUPP,,,,SUPP,SUPP,SUPP,,63%,SUPP,SUPP,,,,SUPP,SUPP,SUPP,,25%,,,,,,,,,,,,,,,,,,,,,,,,,,,,,,,,,,,,,,,,,,,,,,,,,,,,,,,,,,,,,,,,,,,,,,,,,,,,,,,,,,,,,SUPP,SUPP,,,,SUPP,SUPP,,107,SUPP,SUPP,,,,SUPP,SUPP,,106,SUPP,SUPP,,,,SUPP,SUPP,,106,,,,SUPP,SUPP,,,,SUPP,SUPP,,,,SUPP,SUPP,,,,SUPP,SUPP,,,,SUPP,SUPP,,,,SUPP,SUPP,,,,SUPP,SUPP,,,,SUPP,SUPP,9,100%,0,0%,2,22%,2,22%,4,44%,13,38%,62%,69%,0%,SUPP,SUPP,SUPP,SUPP,,,,,,,,,,109,107,14,29%,71%,50%,14%,SUPP,SUPP,SUPP,SUPP,0.4,-3.0,3.8,-2.7,-6.0,0.6,0.2,-3.1,3.4,105,104,36,61%,14%,107,106
1,32308,873,2027,141211,William de Yaxley Church of England Academy,Landsdowne Road,Yaxley,,Peterborough,PE7 3JL,01733240323,E14001401,North West Cambridgeshire,0,,,AC,0,Church of England,7-11,0,0,205,57,55,25,30,45%,55%,,,,,,,,,,15,27%,40,73%,3,5%,49,89%,40%,0%,,,,,,,,,,,,,55%,16%,0%,101,51%,7%,0%,100,56%,5%,0%,100,47%,0%,49%,0%,56%,0%,40%,40%,,,,33%,43%,-36,SUPP,41%,0%,0%,,,,0%,0%,-11,SUPP,0%,,,,,,,,,,,,,,,,,,,,,,,,,,,,,,,,,,,,,,,,,,,,,,,,,,,,,,,,,,,,,,,,,,,,,,,,,,,,,,,,,,,,,101,101,,,,99,102,SUPP,101,102,98,,,,98,101,SUPP,100,100,99,,,,97,101,SUPP,100,,,,47%,58%,,,,40%,55%,,,,53%,58%,,,,40%,50%,,,,0%,23%,,,,0%,10%,,,,0%,8%,,,,0%,0%,52,95%,0,0%,2,4%,17,31%,19,35%,60,23%,77%,37%,0%,21%,0%,41%,0%,,,,,,,,,,103,102,53,21%,79%,66%,2%,55%,0%,69%,2%,-0.1,-1.8,1.5,0.3,-1.4,1.9,-1.5,-3.1,0.1,105,102,168,47%,1%,103,101
1,16754,873,2029,110615,Meldreth Primary School,High Street,Meldreth,,Nr Royston,SG8 6LA,01763260432,E14001481,South Cambridgeshire,0,,,CY,0,Does not apply,4-11,0,0,191,23,24,14,10,58%,42%,,,,,,,,,,7,29%,17,71%,0,0%,23,96%,79%,17%,,,,,,,,,,,,,88%,42%,0%,109,79%,38%,0%,107,88%,38%,0%,108,88%,17%,4%,0%,92%,0%,79%,80%,,,,57%,88%,-12,,78%,7%,30%,,,,14%,18%,3,,13%,,,,,,,,,,,,,,,,,,,,,,,,,,,,,,,,,,,,,,,,,,,,,,,,,,,,,,,,,,,,,,,,,,,,,,,,,,,,,,,,,,,,,108,109,,,,107,109,,108,108,109,,,,105,109,,108,106,108,,,,103,109,,107,,,,71%,94%,,,,43%,94%,,,,57%,100%,,,,71%,94%,,,,29%,47%,,,,14%,47%,,,,29%,41%,,,,14%,18%,24,100%,0,0%,1,4%,4,17%,5,21%,33,24%,76%,67%,3%,38%,0%,76%,4%,,,,,,,,,,108,108,34,24%,76%,71%,3%,38%,0%,81%,4%,-1.1,-3.2,1.1,-1.6,-3.7,0.5,2.0,-0.1,4.0,105,107,91,71%,7%,107,108
1,19182,873,2044,143836,Orchards Church of England Academy,Cherry Road,,,Wisbech,PE13 3NP,01945583799,E14001390,North East Cambridgeshire,0,,,AC,0,Church of England,2-11,0,0,401,56,54,26,28,48%,52%,,,,,,,,,,25,46%,29,54%,32,59%,45,83%,49%,0%,,,,,,,,,,,,,59%,7%,0%,101,52%,7%,0%,101,59%,11%,0%,102,58%,0%,23%,0%,64%,0%,48%,50%,,,,46%,52%,-23,47%,51%,0%,0%,,,,0%,0%,-11,0%,0%,,,,,,,,,,,,,,,,,,,,,,,,,,,,,,,,,,,,,,,,,,,,,,,,,,,,,,,,,,,,,,,,,,,,,,,,,,,,,,,,,,,,,101,100,,,,98,103,101,100,102,102,,,,101,103,102,102,98,103,,,,99,102,101,101,,,,48%,69%,,,,44%,59%,,,,52%,66%,,,,50%,66%,,,,0%,14%,,,,0%,14%,,,,12%,10%,,,,0%,0%,22,41%,0,0%,1,2%,12,22%,13,24%,57,61%,39%,39%,0%,34%,0%,45%,0%,,,,,,,,,,101,98,66,55%,45%,26%,0%,17%,0%,37%,0%,-4.1,-5.6,-2.5,-3.3,-4.8,-1.8,-2.9,-4.4,-1.4,97,98,177,37%,0%,99,99
1,29450,873,2046,110620,Swavesey Primary School,Middle Watch,Swavesey,Middle Watch,Cambridge,CB24 4RN,01954273312,E14001512,St Neots and Mid Cambridgeshire,0,,,CY,0,Does not apply,4-11,0,0,306,45,48,24,24,50%,50%,,,,,,,,,,8,17%,40,83%,4,8%,45,94%,73%,8%,,,,,,,,,,,,,90%,33%,0%,107,73%,15%,0%,104,83%,25%,0%,105,77%,8%,17%,0%,88%,0%,79%,67%,,,,75%,73%,6,SUPP,73%,4%,13%,,,,13%,8%,2,SUPP,9%,,,,,,,,,,,,,,,,,,,,,,,,,,,,,,,,,,,,,,,,,,,,,,,,,,,,,,,,,,,,,,,,,,,,,,,,,,,,,,,,,,,,,107,107,,,,106,107,SUPP,107,107,103,,,,104,105,SUPP,105,105,104,,,,102,104,SUPP,104,,,,75%,93%,,,,50%,78%,,,,75%,85%,,,,75%,78%,,,,38%,33%,,,,25%,13%,,,,25%,25%,,,,13%,8%,43,90%,1,2%,2,4%,10,21%,12,25%,50,8%,92%,64%,2%,SUPP,SUPP,SUPP,SUPP,,,,,,,,,,107,106,44,18%,82%,61%,5%,38%,0%,67%,6%,1.5,-0.5,3.5,1.1,-0.9,3.0,0.4,-1.5,2.3,105,103,142,66%,5%,106,105
1,7740,873,2061,145401,Earith Primary School,School Road,Earith,,Huntingdon,PE28 3QB,01487841868,E14001298,Huntingdon,0,,,AC,0,Does not apply,4-11,0,0,106,10,9,6,3,67%,33%,,,,,,,,,,2,22%,7,78%,3,33%,9,100%,78%,0%,,,,,,,,,,,,,78%,11%,0%,104,89%,11%,0%,105,89%,11%,0%,105,89%,0%,11%,0%,89%,0%,83%,SUPP,,,,SUPP,SUPP,SUPP,SUPP,78%,0%,SUPP,,,,SUPP,SUPP,SUPP,SUPP,0%,,,,,,,,,,,,,,,,,,,,,,,,,,,,,,,,,,,,,,,,,,,,,,,,,,,,,,,,,,,,,,,,,,,,,,,,,,,,,,,,,,,,,104,SUPP,,,,SUPP,SUPP,SUPP,104,106,SUPP,,,,SUPP,SUPP,SUPP,105,104,SUPP,,,,SUPP,SUPP,SUPP,105,,,,SUPP,SUPP,,,,SUPP,SUPP,,,,SUPP,SUPP,,,,SUPP,SUPP,,,,SUPP,SUPP,,,,SUPP,SUPP,,,,SUPP,SUPP,,,,SUPP,SUPP,6,67%,0,0%,0,0%,1,11%,1,11%,13,38%,62%,46%,15%,SUPP,SUPP,SUPP,SUPP,,,,,,,,,,103,101,7,14%,86%,86%,0%,SUPP,SUPP,SUPP,SUPP,1.7,-3.0,6.3,0.7,-3.8,5.2,-1.7,-6.1,2.7,107,102,29,66%,7%,104,103
1,29784,873,2078,146310,Thongsley Fields Primary and Nursery School,Buttsgrove Way,,,Huntingdon,PE29 1PE,01480375321,E14001298,Huntingdon,0,,,AC,0,Does not apply,3-11,0,0,227,29,29,12,17,41%,59%,,,,,,,,,,17,59%,12,41%,9,31%,28,97%,41%,0%,,,,,,,,,,,,,62%,21%,0%,102,55%,17%,0%,102,59%,14%,0%,100,62%,0%,24%,0%,76%,0%,42%,41%,,,,12%,83%,-57,67%,39%,0%,0%,,,,0%,0%,-11,0%,0%,,,,,,,,,,,,,,,,,,,,,,,,,,,,,,,,,,,,,,,,,,,,,,,,,,,,,,,,,,,,,,,,,,,,,,,,,,,,,,,,,,,,,101,103,,,,99,107,102,102,101,100,,,,95,107,104,99,101,102,,,,97,108,108,101,,,,47%,83%,,,,29%,92%,,,,29%,100%,,,,41%,92%,,,,6%,42%,,,,12%,25%,,,,0%,33%,,,,0%,0%,20,69%,0,0%,2,7%,8,28%,10,34%,37,41%,59%,54%,0%,47%,0%,59%,0%,,,,,,,,,,104,100,49,59%,41%,33%,0%,28%,0%,40%,0%,0.5,-1.3,2.3,-2.8,-4.5,-1.1,-1.5,-3.2,0.2,101,98,115,42%,0%,103,99
1,10348,873,2210,140535,Great Staughton Primary Academy,The Causeway,Great Staughton,,St Neots,PE19 5BP,01480860324,E14001298,Huntingdon,0,,,ACC,0,Does not apply,2-11,0,0,82,9,9,4,5,44%,56%,,,,,,,,,,1,11%,8,89%,1,11%,9,100%,67%,11%,,,,,,,,,,,,,78%,33%,0%,107,89%,33%,0%,107,78%,44%,0%,106,78%,33%,11%,0%,78%,0%,SUPP,SUPP,,,,SUPP,SUPP,SUPP,SUPP,67%,SUPP,SUPP,,,,SUPP,SUPP,SUPP,SUPP,11%,,,,,,,,,,,,,,,,,,,,,,,,,,,,,,,,,,,,,,,,,,,,,,,,,,,,,,,,,,,,,,,,,,,,,,,,,,,,,,,,,,,,,SUPP,SUPP,,,,SUPP,SUPP,SUPP,107,SUPP,SUPP,,,,SUPP,SUPP,SUPP,106,SUPP,SUPP,,,,SUPP,SUPP,SUPP,107,,,,SUPP,SUPP,,,,SUPP,SUPP,,,,SUPP,SUPP,,,,SUPP,SUPP,,,,SUPP,SUPP,,,,SUPP,SUPP,,,,SUPP,SUPP,,,,SUPP,SUPP,8,89%,0,0%,0,0%,2,22%,2,22%,10,10%,90%,70%,0%,SUPP,SUPP,SUPP,SUPP,,,,,,,,,,103,103,14,21%,79%,64%,0%,SUPP,SUPP,SUPP,SUPP,-1.9,-5.2,1.4,-0.5,-3.6,2.7,-4.3,-7.4,-1.2,104,101,33,67%,3%,105,103
1,13024,873,2212,110680,Houghton Primary School,Chapel Lane,Houghton,,Huntingdon,PE28 2AY,01480463398,E14001298,Huntingdon,0,,,CY,0,Does not apply,4-11,0,0,181,28,29,14,15,48%,52%,,,,,,,,,,3,10%,26,90%,0,0%,29,100%,72%,3%,,,,,,,,,,,,,86%,34%,0%,108,83%,28%,0%,106,86%,28%,0%,107,72%,10%,24%,0%,86%,0%,50%,93%,,,,SUPP,SUPP,SUPP,,72%,0%,7%,,,,SUPP,SUPP,SUPP,,3%,,,,,,,,,,,,,,,,,,,,,,,,,,,,,,,,,,,,,,,,,,,,,,,,,,,,,,,,,,,,,,,,,,,,,,,,,,,,,,,,,,,,,106,110,,,,SUPP,SUPP,,108,108,106,,,,SUPP,SUPP,,107,103,109,,,,SUPP,SUPP,,106,,,,SUPP,SUPP,,,,SUPP,SUPP,,,,SUPP,SUPP,,,,SUPP,SUPP,,,,SUPP,SUPP,,,,SUPP,SUPP,,,,SUPP,SUPP,,,,SUPP,SUPP,29,100%,0,0%,2,7%,7,24%,9,31%,23,22%,78%,70%,9%,SUPP,SUPP,SUPP,SUPP,,,,,,,,,,105,106,22,14%,86%,86%,9%,SUPP,SUPP,SUPP,SUPP,0.4,-2.3,3.1,4.2,1.6,6.8,3.3,0.7,5.8,107,107,74,76%,7%,107,107
1,2362,873,2312,110746,Bewick Bridge Community Primary School,Fulbourn Old Drift,Cherry Hinton,,Cambridge,CB1 9ND,01223508772,E14001481,South Cambridgeshire,0,,,CY,0,Does not apply,4-11,0,0,218,23,21,12,9,57%,43%,,,,,,,,,,4,19%,17,81%,7,33%,19,90%,90%,19%,,,,,,,,,,,,,90%,62%,0%,110,90%,62%,0%,111,90%,57%,0%,110,90%,24%,5%,0%,90%,0%,92%,89%,,,,SUPP,SUPP,SUPP,100%,89%,8%,33%,,,,SUPP,SUPP,SUPP,43%,16%,,,,,,,,,,,,,,,,,,,,,,,,,,,,,,,,,,,,,,,,,,,,,,,,,,,,,,,,,,,,,,,,,,,,,,,,,,,,,,,,,,,,,109,112,,,,SUPP,SUPP,113,110,110,110,,,,SUPP,SUPP,113,110,109,114,,,,SUPP,SUPP,114,111,,,,SUPP,SUPP,,,,SUPP,SUPP,,,,SUPP,SUPP,,,,SUPP,SUPP,,,,SUPP,SUPP,,,,SUPP,SUPP,,,,SUPP,SUPP,,,,SUPP,SUPP,14,67%,0,0%,1,5%,1,5%,2,10%,29,14%,86%,83%,21%,SUPP,SUPP,SUPP,SUPP,,,,,,,,,,110,110,29,24%,76%,76%,17%,43%,0%,86%,23%,1.8,-0.7,4.4,3.7,1.2,6.2,4.3,1.9,6.7,106,108,79,82%,19%,109,109
1,4240,873,2327,110758,Burwell Village College (Primary),The Causeway,Burwell,,Cambridge,CB25 0DU,01638613103,E14001224,Ely and East Cambridgeshire,0,,,CY,0,Does not apply,4-11,0,0,377,57,56,29,27,52%,48%,,,,,,,,,,17,30%,39,70%,0,0%,55,98%,66%,9%,,,,,,,,,,,,,73%,27%,0%,105,79%,32%,0%,106,84%,32%,0%,106,75%,13%,14%,0%,73%,0%,59%,74%,,,,53%,72%,-16,,67%,0%,19%,,,,0%,13%,-11,,9%,,,,,,,,,,,,,,,,,,,,,,,,,,,,,,,,,,,,,,,,,,,,,,,,,,,,,,,,,,,,,,,,,,,,,,,,,,,,,,,,,,,,,104,106,,,,103,106,,105,106,107,,,,103,108,,107,105,107,,,,103,107,,106,,,,65%,77%,,,,71%,82%,,,,65%,92%,,,,65%,79%,,,,18%,31%,,,,18%,38%,,,,12%,41%,,,,0%,18%,56,100%,0,0%,0,0%,3,5%,3,5%,56,21%,79%,63%,2%,42%,0%,68%,2%,,,,,,,,,,105,104,61,16%,84%,57%,5%,30%,0%,63%,6%,1.8,0.2,3.4,1.5,-0.1,3.0,1.5,-0.1,3.0,105,103,173,62%,5%,105,105
1,8306,873,2444,110773,Ely St John's Community Primary School,St John's Road,,,Ely,CB6 3BW,01353612780,E14001224,Ely and East Cambridgeshire,0,,,CY,0,Does not apply,4-11,0,0,365,40,40,15,25,38%,63%,,,,,,,,,,8,20%,32,80%,9,23%,37,93%,68%,13%,,,,,,,,,,,,,80%,38%,0%,106,78%,30%,0%,106,80%,20%,0%,103,75%,25%,25%,0%,93%,0%,87%,56%,,,,50%,72%,-19,56%,70%,20%,8%,,,,13%,13%,2,11%,14%,,,,,,,,,,,,,,,,,,,,,,,,,,,,,,,,,,,,,,,,,,,,,,,,,,,,,,,,,,,,,,,,,,,,,,,,,,,,,,,,,,,,,109,105,,,,102,107,107,107,107,101,,,,98,105,105,103,107,105,,,,102,107,107,106,,,,50%,88%,,,,50%,84%,,,,63%,84%,,,,50%,81%,,,,25%,41%,,,,25%,31%,,,,13%,22%,,,,38%,22%,31,78%,0,0%,0,0%,3,8%,3,8%,59,14%,86%,53%,7%,13%,0%,59%,8%,,,,,,,,,,106,102,57,9%,91%,47%,2%,SUPP,SUPP,SUPP,SUPP,1.3,-0.4,3.0,-3.2,-4.8,-1.6,-1.9,-3.5,-0.3,106,102,156,54%,6%,106,102
1,14106,873,2446,110775,Kings Hedges Primary School,Northfield Avenue,,,Cambridge,CB4 2HU,01223518330,E14001149,Cambridge,0,,,CY,0,Does not apply,4-11,0,0,394,56,53,28,25,53%,47%,,,,,,,,,,23,43%,30,57%,29,55%,44,83%,79%,13%,,,,,,,,,,,,,85%,47%,0%,107,87%,49%,0%,109,87%,45%,0%,108,89%,17%,11%,0%,92%,0%,79%,80%,,,,65%,90%,-4,90%,80%,14%,12%,,,,0%,23%,-11,10%,14%,,,,,,,,,,,,,,,,,,,,,,,,,,,,,,,,,,,,,,,,,,,,,,,,,,,,,,,,,,,,,,,,,,,,,,,,,,,,,,,,,,,,,107,107,,,,104,110,108,108,109,107,,,,105,110,109,108,109,108,,,,104,112,110,109,,,,78%,90%,,,,74%,97%,,,,83%,90%,,,,83%,93%,,,,26%,63%,,,,22%,70%,,,,26%,60%,,,,4%,27%,24,45%,0,0%,0,0%,11,21%,11,21%,65,43%,57%,78%,12%,71%,4%,84%,19%,,,,,,,,,,107,107,53,58%,42%,75%,13%,77%,6%,73%,23%,4.2,2.4,6.0,3.1,1.3,4.8,6.2,4.6,7.9,108,108,171,78%,13%,107,108
1,7568,873,3012,110787,Dry Drayton CofE (C) Primary School,Park Street,Dry Drayton,,Cambridge,CB23 8DA,01954780618,E14001512,St Neots and Mid Cambridgeshire,0,,,VC,0,Church of England,4-11,0,0,69,10,10,7,3,70%,30%,,,,,,,,,,1,10%,9,90%,2,20%,7,70%,70%,10%,,,,,,,,,,,,,100%,70%,0%,112,90%,50%,0%,109,90%,30%,0%,107,80%,10%,20%,0%,100%,0%,71%,SUPP,,,,SUPP,SUPP,SUPP,SUPP,71%,14%,SUPP,,,,SUPP,SUPP,SUPP,SUPP,14%,,,,,,,,,,,,,,,,,,,,,,,,,,,,,,,,,,,,,,,,,,,,,,,,,,,,,,,,,,,,,,,,,,,,,,,,,,,,,,,,,,,,,113,SUPP,,,,SUPP,SUPP,SUPP,111,108,SUPP,,,,SUPP,SUPP,SUPP,110,110,SUPP,,,,SUPP,SUPP,SUPP,107,,,,SUPP,SUPP,,,,SUPP,SUPP,,,,SUPP,SUPP,,,,SUPP,SUPP,,,,SUPP,SUPP,,,,SUPP,SUPP,,,,SUPP,SUPP,,,,SUPP,SUPP,8,80%,0,0%,0,0%,2,20%,2,20%,10,10%,90%,50%,0%,SUPP,SUPP,SUPP,SUPP,,,,,,,,,,108,104,11,9%,91%,36%,9%,SUPP,SUPP,SUPP,SUPP,-0.4,-4.3,3.5,-3.4,-7.1,0.4,-1.6,-5.2,2.1,107,104,31,52%,6%,109,105
1,9118,873,3014,110788,Fordham CofE Primary School,Isleham Road,Fordham,,Ely,CB7 5NL,01638720296,E14001224,Ely and East Cambridgeshire,0,,,VC,0,Church of England,4-11,0,0,414,61,60,30,30,50%,50%,,,,,,,,,,13,22%,47,78%,4,7%,59,98%,62%,0%,,,,,,,,,,,,,77%,38%,2%,107,70%,22%,2%,105,83%,13%,2%,105,70%,3%,22%,2%,92%,2%,57%,67%,,,,38%,68%,-31,SUPP,61%,0%,0%,,,,0%,0%,-11,SUPP,0%,,,,,,,,,,,,,,,,,,,,,,,,,,,,,,,,,,,,,,,,,,,,,,,,,,,,,,,,,,,,,,,,,,,,,,,,,,,,,,,,,,,,,108,106,,,,101,109,SUPP,107,106,105,,,,104,106,SUPP,105,105,105,,,,101,106,SUPP,105,,,,62%,81%,,,,54%,74%,,,,85%,83%,,,,46%,77%,,,,8%,47%,,,,8%,26%,,,,8%,15%,,,,0%,4%,56,93%,0,0%,1,2%,15,25%,16,27%,61,20%,80%,54%,3%,25%,0%,61%,4%,,,,,,,,,,105,104,59,19%,81%,68%,5%,36%,0%,75%,6%,-1.7,-3.3,0.0,-2.0,-3.6,-0.4,-0.8,-2.3,0.8,106,105,180,61%,3%,106,105
1,28926,873,3029,110793,Steeple Morden CofE VC Primary School,7 Hay Street,Steeple Morden,,Royston,SG8 0PD,01763852474,E14001481,South Cambridgeshire,0,,,VC,0,Church of England,4-11,0,0,148,19,18,10,8,56%,44%,,,,,,,,,,2,11%,16,89%,1,6%,17,94%,56%,0%,,,,,,,,,,,,,61%,28%,11%,103,67%,22%,11%,105,67%,11%,11%,101,61%,11%,33%,0%,67%,0%,60%,50%,,,,SUPP,SUPP,SUPP,SUPP,53%,0%,0%,,,,SUPP,SUPP,SUPP,SUPP,0%,,,,,,,,,,,,,,,,,,,,,,,,,,,,,,,,,,,,,,,,,,,,,,,,,,,,,,,,,,,,,,,,,,,,,,,,,,,,,,,,,,,,,103,102,,,,SUPP,SUPP,SUPP,102,102,101,,,,SUPP,SUPP,SUPP,101,104,106,,,,SUPP,SUPP,SUPP,105,,,,SUPP,SUPP,,,,SUPP,SUPP,,,,SUPP,SUPP,,,,SUPP,SUPP,,,,SUPP,SUPP,,,,SUPP,SUPP,,,,SUPP,SUPP,,,,SUPP,SUPP,17,94%,0,0%,0,0%,9,50%,9,50%,28,21%,79%,50%,7%,33%,0%,55%,9%,,,,,,,,,,106,105,22,27%,73%,50%,5%,17%,0%,63%,6%,-1.2,-4.0,1.5,-0.8,-3.4,1.9,-2.9,-5.5,-0.3,104,103,68,51%,4%,105,104
1,8208,873,3046,143835,Elm CofE Primary School,Main Road,Elm,,Wisbech,PE14 0AG,01945860295,E14001390,North East Cambridgeshire,0,,,ACC,0,Church of England,2-11,0,0,228,31,31,15,16,48%,52%,,,,,,,,,,10,32%,21,68%,2,6%,27,87%,61%,3%,,,,,,,,,,,,,68%,29%,0%,103,71%,29%,0%,104,74%,23%,0%,105,71%,3%,26%,0%,90%,0%,47%,75%,,,,60%,62%,-9,SUPP,63%,0%,6%,,,,10%,0%,-1,SUPP,0%,,,,,,,,,,,,,,,,,,,,,,,,,,,,,,,,,,,,,,,,,,,,,,,,,,,,,,,,,,,,,,,,,,,,,,,,,,,,,,,,,,,,,99,106,,,,104,102,SUPP,103,103,106,,,,105,105,SUPP,105,100,107,,,,104,104,SUPP,104,,,,70%,67%,,,,70%,71%,,,,60%,81%,,,,70%,71%,,,,30%,29%,,,,20%,33%,,,,20%,24%,,,,10%,0%,29,94%,0,0%,2,6%,5,16%,7,23%,32,50%,50%,75%,0%,81%,0%,69%,0%,,,,,,,,,,105,106,31,35%,65%,65%,0%,36%,0%,80%,0%,-0.1,-2.3,2.1,0.0,-2.1,2.1,-0.3,-2.4,1.8,103,102,94,67%,1%,103,104
1,3976,873,3063,137639,Buckden CofE Primary School,School Lane,Buckden,,St Neots,PE19 5TT,01480810241,E14001298,Huntingdon,0,,,ACC,0,Church of England,5-11,0,0,328,42,45,28,17,62%,38%,,,,,,,,,,12,27%,33,73%,6,13%,40,89%,56%,4%,,,,,,,,,,,,,71%,20%,2%,103,69%,13%,0%,102,60%,16%,2%,102,73%,11%,22%,0%,78%,0%,57%,53%,,,,33%,64%,-36,100%,58%,4%,6%,,,,0%,6%,-11,0%,5%,,,,,,,,,,,,,,,,,,,,,,,,,,,,,,,,,,,,,,,,,,,,,,,,,,,,,,,,,,,,,,,,,,,,,,,,,,,,,,,,,,,,,103,103,,,,99,105,108,104,103,101,,,,99,103,108,102,102,101,,,,98,103,106,102,,,,58%,76%,,,,42%,79%,,,,42%,67%,,,,58%,79%,,,,0%,27%,,,,0%,18%,,,,0%,21%,,,,0%,15%,39,87%,0,0%,3,7%,9,20%,12,27%,52,23%,77%,52%,2%,42%,0%,55%,3%,,,,,,,,,,107,104,54,15%,85%,63%,4%,13%,0%,72%,4%,-1.3,-3.0,0.4,0.4,-1.2,2.1,-2.2,-3.8,-0.6,107,105,151,57%,3%,106,104
1,9098,873,3065,110812,Folksworth CofE Primary School,Apreece Road,Folksworth,,Peterborough,PE7 3TY,01733240562,E14001401,North West Cambridgeshire,0,,,VC,0,Church of England,4-11,0,0,95,20,20,8,12,40%,60%,,,,,,,,,,3,15%,17,85%,0,0%,17,85%,70%,15%,,,,,,,,,,,,,80%,40%,0%,106,80%,35%,0%,107,80%,35%,0%,104,70%,15%,20%,0%,90%,0%,63%,75%,,,,SUPP,SUPP,SUPP,,71%,0%,25%,,,,SUPP,SUPP,SUPP,,12%,,,,,,,,,,,,,,,,,,,,,,,,,,,,,,,,,,,,,,,,,,,,,,,,,,,,,,,,,,,,,,,,,,,,,,,,,,,,,,,,,,,,,104,106,,,,SUPP,SUPP,,105,103,105,,,,SUPP,SUPP,,105,105,109,,,,SUPP,SUPP,,107,,,,SUPP,SUPP,,,,SUPP,SUPP,,,,SUPP,SUPP,,,,SUPP,SUPP,,,,SUPP,SUPP,,,,SUPP,SUPP,,,,SUPP,SUPP,,,,SUPP,SUPP,20,100%,0,0%,0,0%,4,20%,4,20%,13,15%,85%,38%,8%,SUPP,SUPP,SUPP,SUPP,,,,,,,,,,105,101,16,13%,88%,44%,0%,SUPP,SUPP,SUPP,SUPP,0.2,-2.9,3.3,-4.3,-7.2,-1.3,-2.9,-5.8,0.0,105,101,49,53%,8%,105,102
1,20264,873,3331,110836,Petersfield CofE Aided Primary School,Hurdleditch Road,Orwell,,Royston,SG8 5QG,01223207382,E14001481,South Cambridgeshire,0,,,VA,0,Church of England,4-11,0,0,134,25,23,12,11,52%,48%,,,,,,,,,,6,26%,17,74%,0,0%,22,96%,43%,4%,,,,,,,,,,,,,65%,26%,0%,104,61%,17%,0%,103,57%,22%,0%,101,57%,4%,35%,0%,91%,0%,58%,27%,,,,33%,47%,-36,,41%,0%,9%,,,,0%,6%,-11,,5%,,,,,,,,,,,,,,,,,,,,,,,,,,,,,,,,,,,,,,,,,,,,,,,,,,,,,,,,,,,,,,,,,,,,,,,,,,,,,,,,,,,,,105,102,,,,107,103,,103,105,97,,,,101,102,,101,104,101,,,,104,102,,103,,,,83%,59%,,,,67%,59%,,,,67%,53%,,,,50%,59%,,,,33%,24%,,,,17%,18%,,,,17%,24%,,,,0%,6%,23,100%,0,0%,0,0%,4,17%,4,17%,14,29%,71%,71%,7%,SUPP,SUPP,SUPP,SUPP,,,,,,,,,,107,105,14,36%,64%,71%,21%,SUPP,SUPP,SUPP,SUPP,1.9,-1.5,5.3,0.9,-2.3,4.2,0.3,-2.9,3.5,108,105,51,59%,10%,106,103
1,19864,873,3350,110837,Park Street CofE Primary School,Lower Park Street,,,Cambridge,CB5 8AR,01223576922,E14001149,Cambridge,0,,,VA,0,Church of England,4-11,0,0,116,18,18,10,8,56%,44%,,,,,,,,,,1,6%,17,94%,5,28%,17,94%,72%,17%,,,,,,,,,,,,,89%,56%,0%,111,89%,50%,0%,109,89%,44%,0%,109,78%,22%,22%,0%,89%,0%,60%,88%,,,,SUPP,SUPP,SUPP,SUPP,71%,0%,38%,,,,SUPP,SUPP,SUPP,SUPP,18%,,,,,,,,,,,,,,,,,,,,,,,,,,,,,,,,,,,,,,,,,,,,,,,,,,,,,,,,,,,,,,,,,,,,,,,,,,,,,,,,,,,,,109,113,,,,SUPP,SUPP,SUPP,110,107,111,,,,SUPP,SUPP,SUPP,109,107,113,,,,SUPP,SUPP,SUPP,109,,,,SUPP,SUPP,,,,SUPP,SUPP,,,,SUPP,SUPP,,,,SUPP,SUPP,,,,SUPP,SUPP,,,,SUPP,SUPP,,,,SUPP,SUPP,,,,SUPP,SUPP,13,72%,0,0%,0,0%,5,28%,5,28%,14,14%,86%,71%,14%,SUPP,SUPP,SUPP,SUPP,,,,,,,,,,108,106,14,14%,86%,64%,21%,SUPP,SUPP,SUPP,SUPP,5.8,2.4,9.2,4.6,1.3,7.9,3.9,0.6,7.1,108,106,46,70%,17%,109,107
1,13526,873,5205,144537,Jeavons Wood Primary School,Eastgate,,,Great Cambourne,CB23 6DZ,01954717180,E14001512,St Neots and Mid Cambridgeshire,0,,,ACC,0,None,3-11,0,0,430,61,61,35,26,57%,43%,,,,,,,,,,10,16%,51,84%,19,31%,56,92%,75%,13%,,,,,,,,,,,,,80%,44%,0%,107,80%,39%,0%,107,87%,49%,0%,109,89%,15%,8%,0%,100%,0%,80%,69%,,,,60%,78%,-9,79%,77%,14%,12%,,,,0%,16%,-11,21%,13%,,,,,,,,,,,,,,,,,,,,,,,,,,,,,,,,,,,,,,,,,,,,,,,,,,,,,,,,,,,,,,,,,,,,,,,,,,,,,,,,,,,,,107,106,,,,102,108,108,107,110,107,,,,104,110,111,109,107,107,,,,101,108,110,107,,,,60%,84%,,,,50%,86%,,,,70%,90%,,,,80%,90%,,,,20%,49%,,,,20%,43%,,,,30%,53%,,,,0%,18%,42,69%,0,0%,2,3%,13,21%,15,25%,61,15%,85%,75%,2%,44%,0%,81%,2%,,,,,,,,,,107,107,65,18%,82%,72%,9%,42%,0%,79%,11%,0.9,-0.7,2.5,-1.9,-3.4,-0.3,0.1,-1.5,1.6,108,106,187,74%,8%,107,107
2,12064,873,7007,143111,Highfield Ely Academy,Downham Road,,,Ely,CB6 1BD,01353662085,E14001224,Ely and East Cambridgeshire,0,,,ACCS,0,Does not apply,2-19,0,0,123,6,6,3,3,50%,50%,,,,,,,,,,4,67%,2,33%,1,17%,6,100%,0%,0%,,,,,,,,,,,,,0%,0%,0%,,0%,0%,0%,,0%,0%,0%,,0%,0%,0%,0%,0%,0%,SUPP,SUPP,,,,SUPP,SUPP,SUPP,SUPP,0%,SUPP,SUPP,,,,SUPP,SUPP,SUPP,SUPP,0%,,,,,,,,,,,,,,,,,,,,,,,,,,,,,,,,,,,,,,,,,,,,,,,,,,,,,,,,,,,,,,,,,,,,,,,,,,,,,,,,,,,,,SUPP,SUPP,,,,SUPP,SUPP,SUPP,,SUPP,SUPP,,,,SUPP,SUPP,SUPP,,SUPP,SUPP,,,,SUPP,SUPP,SUPP,,,,,SUPP,SUPP,,,,SUPP,SUPP,,,,SUPP,SUPP,,,,SUPP,SUPP,,,,SUPP,SUPP,,,,SUPP,SUPP,,,,SUPP,SUPP,,,,SUPP,SUPP,5,83%,0,0%,6,100%,0,0%,6,100%,10,20%,80%,0%,0%,SUPP,SUPP,SUPP,SUPP,,,,,,,,,,,,12,67%,33%,0%,0%,SUPP,SUPP,SUPP,SUPP,SUPP,SUPP,SUPP,SUPP,SUPP,SUPP,SUPP,SUPP,SUPP,,,28,0%,0%
1,32584,873,2005,138280,Winhills Primary Academy,Off Duck Lane,,,St Neots,PE19 2DX,01480211626,E14001512,St Neots and Mid Cambridgeshire,0,,,AC,0,Does not apply,3-11,0,0,248,29,29,13,16,45%,55%,,,,,,,,,,17,59%,12,41%,2,7%,27,93%,59%,7%,,,,,,,,,,,,,62%,38%,0%,105,66%,34%,0%,105,69%,24%,0%,103,66%,14%,28%,3%,62%,3%,38%,75%,,,,53%,67%,-16,SUPP,59%,0%,13%,,,,6%,8%,-5,SUPP,7%,,,,,,,,,,,,,,,,,,,,,,,,,,,,,,,,,,,,,,,,,,,,,,,,,,,,,,,,,,,,,,,,,,,,,,,,,,,,,,,,,,,,,102,107,,,,104,106,SUPP,105,101,104,,,,101,105,SUPP,103,102,107,,,,104,106,SUPP,105,,,,59%,67%,,,,59%,75%,,,,59%,83%,,,,59%,75%,,,,29%,50%,,,,29%,42%,,,,18%,33%,,,,18%,8%,27,93%,0,0%,2,7%,11,38%,13,45%,40,55%,45%,45%,5%,36%,5%,56%,6%,,,,,,,,,,102,103,31,55%,45%,61%,0%,53%,0%,71%,0%,0.5,-1.8,2.7,-0.6,-2.8,1.5,4.1,2.0,6.2,105,105,100,54%,4%,104,103
1,8826,873,2009,145423,Fen Ditton Primary School,Horningsea Road,Fen Ditton,,Cambridge,CB5 8SZ,01223292342,E14001481,South Cambridgeshire,0,,,ACC,0,Does not apply,4-11,0,0,136,21,19,11,8,58%,42%,,,,,,,,,,8,42%,11,58%,1,5%,19,100%,63%,11%,,,,,,,,,,,,,68%,37%,0%,105,79%,42%,0%,107,84%,26%,0%,105,79%,16%,21%,0%,84%,0%,64%,63%,,,,38%,82%,-31,SUPP,63%,9%,13%,,,,0%,18%,-11,SUPP,11%,,,,,,,,,,,,,,,,,,,,,,,,,,,,,,,,,,,,,,,,,,,,,,,,,,,,,,,,,,,,,,,,,,,,,,,,,,,,,,,,,,,,,106,102,,,,99,109,SUPP,105,107,103,,,,104,107,SUPP,105,108,105,,,,102,110,SUPP,107,,,,50%,82%,,,,63%,91%,,,,75%,91%,,,,63%,91%,,,,13%,55%,,,,13%,64%,,,,25%,27%,,,,0%,27%,18,95%,0,0%,1,5%,4,21%,5,26%,19,11%,89%,74%,21%,SUPP,SUPP,SUPP,SUPP,,,,,,,,,,110,108,22,32%,68%,36%,9%,14%,0%,47%,13%,0.9,-2.0,3.8,2.0,-0.8,4.8,0.0,-2.8,2.7,104,100,60,57%,13%,106,104
1,10216,873,2016,110611,Great Abington Primary School,High Street,Abington,,Cambridge,CB21 6AE,01223891362,E14001481,South Cambridgeshire,0,,,CY,0,Does not apply,4-11,0,0,130,20,20,13,7,65%,35%,,,,,,,,,,4,20%,16,80%,4,20%,20,100%,45%,10%,,,,,,,,,,,,,65%,30%,0%,102,80%,40%,0%,106,60%,25%,0%,104,55%,10%,35%,0%,80%,0%,31%,71%,,,,SUPP,SUPP,SUPP,SUPP,45%,0%,29%,,,,SUPP,SUPP,SUPP,SUPP,10%,,,,,,,,,,,,,,,,,,,,,,,,,,,,,,,,,,,,,,,,,,,,,,,,,,,,,,,,,,,,,,,,,,,,,,,,,,,,,,,,,,,,,100,106,,,,SUPP,SUPP,SUPP,102,102,106,,,,SUPP,SUPP,SUPP,104,105,110,,,,SUPP,SUPP,SUPP,106,,,,SUPP,SUPP,,,,SUPP,SUPP,,,,SUPP,SUPP,,,,SUPP,SUPP,,,,SUPP,SUPP,,,,SUPP,SUPP,,,,SUPP,SUPP,,,,SUPP,SUPP,16,80%,0,0%,3,15%,7,35%,10,50%,19,21%,79%,84%,11%,SUPP,SUPP,SUPP,SUPP,,,,,,,,,,107,106,21,10%,90%,76%,24%,SUPP,SUPP,SUPP,SUPP,2.3,-0.4,5.0,2.4,-0.1,5.0,2.0,-0.6,4.5,107,106,60,68%,15%,106,105
1,13972,873,2023,140386,Kimbolton Primary Academy,Newtown,Kimbolton,,Huntingdon,PE28 0HY,01480860743,E14001298,Huntingdon,0,,,AC,0,Does not apply,2-11,0,0,83,6,6,4,2,67%,33%,,,,,,,,,,2,33%,4,67%,0,0%,6,100%,83%,17%,,,,,,,,,,,,,100%,33%,0%,111,100%,50%,0%,110,100%,33%,0%,107,83%,33%,17%,0%,83%,0%,SUPP,SUPP,,,,SUPP,SUPP,SUPP,,83%,SUPP,SUPP,,,,SUPP,SUPP,SUPP,,17%,,,,,,,,,,,,,,,,,,,,,,,,,,,,,,,,,,,,,,,,,,,,,,,,,,,,,,,,,,,,,,,,,,,,,,,,,,,,,,,,,,,,,SUPP,SUPP,,,,SUPP,SUPP,,111,SUPP,SUPP,,,,SUPP,SUPP,,107,SUPP,SUPP,,,,SUPP,SUPP,,110,,,,SUPP,SUPP,,,,SUPP,SUPP,,,,SUPP,SUPP,,,,SUPP,SUPP,,,,SUPP,SUPP,,,,SUPP,SUPP,,,,SUPP,SUPP,,,,SUPP,SUPP,6,100%,0,0%,0,0%,2,33%,2,33%,8,25%,75%,63%,13%,SUPP,SUPP,SUPP,SUPP,,,,,,,,,,107,104,8,25%,75%,63%,13%,SUPP,SUPP,SUPP,SUPP,3.1,-2.0,8.1,1.5,-3.3,6.4,-0.9,-5.7,3.8,107,105,22,68%,14%,108,105
1,16810,873,2030,141212,Mepal and Witcham Church of England Primary School,Brangehill Lane,Mepal,,Ely,CB6 2AL,01353778300,E14001224,Ely and East Cambridgeshire,0,,,AC,0,Church of England,2-11,0,0,117,10,10,6,4,60%,40%,,,,,,,,,,1,10%,9,90%,0,0%,10,100%,100%,20%,,,,,,,,,,,,,100%,30%,0%,109,100%,50%,0%,110,100%,30%,0%,107,100%,20%,0%,0%,100%,0%,100%,SUPP,,,,SUPP,SUPP,SUPP,,100%,0%,SUPP,,,,SUPP,SUPP,SUPP,,20%,,,,,,,,,,,,,,,,,,,,,,,,,,,,,,,,,,,,,,,,,,,,,,,,,,,,,,,,,,,,,,,,,,,,,,,,,,,,,,,,,,,,,106,SUPP,,,,SUPP,SUPP,,109,106,SUPP,,,,SUPP,SUPP,,107,108,SUPP,,,,SUPP,SUPP,,110,,,,SUPP,SUPP,,,,SUPP,SUPP,,,,SUPP,SUPP,,,,SUPP,SUPP,,,,SUPP,SUPP,,,,SUPP,SUPP,,,,SUPP,SUPP,,,,SUPP,SUPP,10,100%,0,0%,0,0%,2,20%,2,20%,14,29%,71%,64%,0%,SUPP,SUPP,SUPP,SUPP,,,,,,,,,,106,106,9,56%,44%,11%,0%,SUPP,SUPP,SUPP,SUPP,5.5,1.1,9.8,-5.7,-9.9,-1.5,0.9,-3.2,5.0,105,99,33,61%,6%,106,104
1,30536,873,2034,141500,University of Cambridge Primary School,Eddington Avenue,,,Cambridge,CB3 0QZ,01223792440,E14001149,Cambridge,0,,,F,0,None,4-11,0,0,671,89,90,54,36,60%,40%,,,,,,,,,,9,10%,81,90%,31,34%,77,86%,71%,12%,,,,,,,,,,,,,79%,48%,0%,107,72%,30%,0%,105,88%,50%,0%,109,79%,14%,18%,0%,86%,0%,65%,81%,,,,22%,77%,-47,68%,75%,7%,19%,,,,0%,14%,-11,10%,13%,,,,,,,,,,,,,,,,,,,,,,,,,,,,,,,,,,,,,,,,,,,,,,,,,,,,,,,,,,,,,,,,,,,,,,,,,,,,,,,,,,,,,105,109,,,,99,108,104,108,109,108,,,,102,110,107,109,104,105,,,,100,105,103,105,,,,44%,83%,,,,56%,74%,,,,67%,90%,,,,56%,81%,,,,11%,52%,,,,11%,32%,,,,22%,53%,,,,0%,16%,57,63%,2,2%,6,7%,8,9%,14,16%,90,11%,89%,74%,6%,60%,0%,76%,6%,,,,,,,,,,109,108,90,13%,87%,68%,13%,50%,17%,71%,13%,4.3,2.9,5.7,1.7,0.4,3.0,2.5,1.2,3.8,109,107,270,71%,10%,108,108
1,28860,873,2041,145424,Stapleford Community Primary School,Bar Lane,Stapleford,,Cambridge,CB22 5BJ,01223508720,E14001481,South Cambridgeshire,0,,,ACC,0,None,2-11,0,0,210,28,28,10,18,36%,64%,,,,,,,,,,5,18%,23,82%,8,29%,27,96%,75%,7%,,,,,,,,,,,,,89%,57%,0%,109,89%,50%,0%,109,86%,43%,0%,106,75%,7%,21%,0%,89%,0%,80%,72%,,,,SUPP,SUPP,SUPP,50%,74%,10%,6%,,,,SUPP,SUPP,SUPP,13%,7%,,,,,,,,,,,,,,,,,,,,,,,,,,,,,,,,,,,,,,,,,,,,,,,,,,,,,,,,,,,,,,,,,,,,,,,,,,,,,,,,,,,,,111,108,,,,SUPP,SUPP,107,109,110,103,,,,SUPP,SUPP,106,106,111,108,,,,SUPP,SUPP,108,109,,,,SUPP,SUPP,,,,SUPP,SUPP,,,,SUPP,SUPP,,,,SUPP,SUPP,,,,SUPP,SUPP,,,,SUPP,SUPP,,,,SUPP,SUPP,,,,SUPP,SUPP,20,71%,0,0%,0,0%,3,11%,3,11%,30,13%,87%,57%,0%,SUPP,SUPP,SUPP,SUPP,,,,,,,,,,109,107,23,9%,91%,65%,4%,SUPP,SUPP,SUPP,SUPP,2.4,-0.2,5.0,-0.8,-3.4,1.7,1.3,-1.2,3.7,107,106,81,65%,4%,108,106
1,18524,873,4028,148128,Northstowe Learning Community,Stirling Road,Northstowe,,Cambridge,CB24 1DJ,01223343800,E14001512,St Neots and Mid Cambridgeshire,0,,,ACC,0,None,4-19,0,0,772,0,,,,,,,,,,,,,,,,,,,,,,,,,,,,,,,,,,,,,,,,,,,,,,,,,,,,,,,,,,,,,,,,,,,,,,,,,,,,,,,,,,,,,,,,,,,,,,,,,,,,,,,,,,,,,,,,,,,,,,,,,,,,,,,,,,,,,,,,,,,,,,,,,,,,,,,,,,,,,,,,,,,,,,,,,,,,,,,,,,,,,,,,,,,,,,,,,,,,,,,,,,,,,,,,,,,,,,,,,,,,,,,,,,0,,0
1,23748,873,5200,110888,St Helen's Primary School,Colne Road,Bluntisham,,Huntingdon,PE28 3NY,01487841468,E14001298,Huntingdon,0,,,FD,0,None,4-11,0,0,188,31,31,9,22,29%,71%,,,,,,,,,,5,16%,26,84%,0,0%,31,100%,55%,3%,,,,,,,,,,,,,65%,35%,0%,104,68%,23%,0%,104,65%,13%,0%,101,65%,3%,35%,0%,71%,0%,56%,55%,,,,SUPP,SUPP,SUPP,,55%,0%,5%,,,,SUPP,SUPP,SUPP,,3%,,,,,,,,,,,,,,,,,,,,,,,,,,,,,,,,,,,,,,,,,,,,,,,,,,,,,,,,,,,,,,,,,,,,,,,,,,,,,,,,,,,,,104,104,,,,SUPP,SUPP,,104,103,101,,,,SUPP,SUPP,,101,103,105,,,,SUPP,SUPP,,104,,,,SUPP,SUPP,,,,SUPP,SUPP,,,,SUPP,SUPP,,,,SUPP,SUPP,,,,SUPP,SUPP,,,,SUPP,SUPP,,,,SUPP,SUPP,,,,SUPP,SUPP,31,100%,0,0%,0,0%,5,16%,5,16%,22,18%,82%,45%,9%,SUPP,SUPP,SUPP,SUPP,,,,,,,,,,102,101,21,29%,71%,52%,10%,50%,0%,53%,13%,-2.5,-5.3,0.4,-2.4,-5.1,0.4,-4.8,-7.5,-2.2,103,99,74,51%,7%,103,101
2,12074,873,7004,140882,Highfield Littleport Academy,Elmside,,,Ely,CB6 1LJ,01353223301,E14001224,Ely and East Cambridgeshire,0,,,ACS,0,None,2-19,0,0,146,11,11,6,5,55%,45%,,,,,,,,,,5,45%,6,55%,2,18%,9,82%,0%,0%,,,,,,,,,,,,,0%,0%,0%,,0%,0%,0%,,0%,0%,0%,,0%,0%,0%,0%,0%,0%,0%,SUPP,,,,SUPP,SUPP,SUPP,SUPP,0%,0%,SUPP,,,,SUPP,SUPP,SUPP,SUPP,0%,,,,,,,,,,,,,,,,,,,,,,,,,,,,,,,,,,,,,,,,,,,,,,,,,,,,,,,,,,,,,,,,,,,,,,,,,,,,,,,,,,,,,,SUPP,,,,SUPP,SUPP,SUPP,,,SUPP,,,,SUPP,SUPP,SUPP,,,SUPP,,,,SUPP,SUPP,SUPP,,,,,SUPP,SUPP,,,,SUPP,SUPP,,,,SUPP,SUPP,,,,SUPP,SUPP,,,,SUPP,SUPP,,,,SUPP,SUPP,,,,SUPP,SUPP,,,,SUPP,SUPP,9,82%,0,0%,11,100%,0,0%,11,100%,14,64%,36%,0%,0%,SUPP,SUPP,SUPP,SUPP,,,,,,,,,,,,14,64%,36%,0%,0%,SUPP,SUPP,SUPP,SUPP,-7.4,-11.1,-3.6,-5.2,-8.8,-1.6,-7.4,-10.9,-3.9,,,39,0%,0%
1,9386,873,2068,110633,Friday Bridge Community Primary School,Maltmas Drove,Friday Bridge,,Wisbech,PE14 0HW,01945860220,E14001390,North East Cambridgeshire,0,,,CY,0,Does not apply,4-11,0,0,101,16,17,9,8,53%,47%,,,,,,,,,,7,41%,10,59%,2,12%,14,82%,29%,6%,,,,,,,,,,,,,41%,6%,0%,97,29%,12%,0%,97,53%,6%,0%,98,53%,12%,47%,0%,65%,0%,33%,25%,,,,29%,30%,-40,SUPP,29%,11%,0%,,,,0%,10%,-11,SUPP,0%,,,,,,,,,,,,,,,,,,,,,,,,,,,,,,,,,,,,,,,,,,,,,,,,,,,,,,,,,,,,,,,,,,,,,,,,,,,,,,,,,,,,,99,94,,,,97,97,SUPP,97,100,96,,,,99,98,SUPP,98,97,96,,,,98,96,SUPP,96,,,,43%,40%,,,,43%,20%,,,,43%,60%,,,,43%,60%,,,,0%,10%,,,,14%,10%,,,,0%,10%,,,,14%,10%,15,88%,0,0%,1,6%,3,18%,4,24%,10,30%,70%,20%,0%,SUPP,SUPP,SUPP,SUPP,,,,,,,,,,98,93,14,64%,36%,36%,0%,SUPP,SUPP,SUPP,SUPP,-5.5,-8.8,-2.2,-3.2,-6.4,0.1,-3.5,-6.6,-0.4,99,100,41,29%,2%,98,98
1,28976,873,2071,145719,Stilton Church of England Primary Academy,Church Street,Stilton,,Peterborough,PE7 3RF,01733240480,E14001401,North West Cambridgeshire,0,,,AC,0,Church of England,2-11,0,0,176,26,26,16,10,62%,38%,,,,,,,,,,5,19%,21,81%,3,12%,23,88%,65%,4%,,,,,,,,,,,,,88%,42%,0%,107,73%,38%,0%,106,69%,23%,0%,103,69%,4%,19%,0%,81%,0%,56%,80%,,,,SUPP,SUPP,SUPP,SUPP,61%,0%,10%,,,,SUPP,SUPP,SUPP,SUPP,4%,,,,,,,,,,,,,,,,,,,,,,,,,,,,,,,,,,,,,,,,,,,,,,,,,,,,,,,,,,,,,,,,,,,,,,,,,,,,,,,,,,,,,106,109,,,,SUPP,SUPP,SUPP,107,101,105,,,,SUPP,SUPP,SUPP,102,103,109,,,,SUPP,SUPP,SUPP,105,,,,SUPP,SUPP,,,,SUPP,SUPP,,,,SUPP,SUPP,,,,SUPP,SUPP,,,,SUPP,SUPP,,,,SUPP,SUPP,,,,SUPP,SUPP,,,,SUPP,SUPP,23,88%,0,0%,0,0%,10,38%,10,38%,23,26%,74%,39%,0%,33%,0%,41%,0%,,,,,,,,,,104,102,26,19%,81%,46%,4%,SUPP,SUPP,SUPP,SUPP,-0.4,-2.9,2.0,-0.3,-2.7,2.1,-0.6,-2.9,1.7,102,101,75,51%,3%,104,102
1,9510,873,2085,146515,The Galfrid School,Galfrid Road,,,Cambridge,CB5 8ND,01223603787,E14001149,Cambridge,0,,,AC,0,Does not apply,4-11,0,0,248,35,34,19,15,56%,44%,,,,,,,,,,23,68%,11,32%,10,29%,31,91%,35%,0%,,,,,,,,,,,,,59%,24%,6%,102,50%,15%,6%,100,50%,18%,3%,100,50%,0%,18%,3%,68%,3%,32%,40%,,,,26%,55%,-43,50%,32%,0%,0%,,,,0%,0%,-11,0%,0%,,,,,,,,,,,,,,,,,,,,,,,,,,,,,,,,,,,,,,,,,,,,,,,,,,,,,,,,,,,,,,,,,,,,,,,,,,,,,,,,,,,,,103,102,,,,101,105,104,102,101,99,,,,98,103,102,99,100,100,,,,100,101,102,100,,,,52%,73%,,,,52%,45%,,,,43%,64%,,,,43%,64%,,,,13%,45%,,,,9%,27%,,,,13%,27%,,,,0%,0%,24,71%,0,0%,3,9%,5,15%,8,24%,46,50%,50%,64%,11%,70%,4%,59%,18%,,,,,,,,,,104,105,59,58%,42%,53%,8%,41%,0%,68%,20%,0.5,-1.2,2.2,0.9,-0.7,2.6,-0.4,-2.0,1.2,105,103,139,52%,7%,104,103
1,24830,873,2086,146965,St Luke's CofE Primary School,Frenchs Road,,,Cambridge,CB4 3JZ,01223566879,E14001149,Cambridge,0,,,AC,0,Church of England,4-11,0,0,94,30,28,16,12,57%,43%,,,,,,,,,,5,18%,23,82%,6,21%,20,71%,79%,4%,,,,,,,,,,,,,93%,71%,0%,111,89%,57%,0%,111,82%,64%,0%,110,89%,4%,11%,0%,93%,0%,75%,83%,,,,SUPP,SUPP,SUPP,83%,75%,0%,8%,,,,SUPP,SUPP,SUPP,0%,5%,,,,,,,,,,,,,,,,,,,,,,,,,,,,,,,,,,,,,,,,,,,,,,,,,,,,,,,,,,,,,,,,,,,,,,,,,,,,,,,,,,,,,110,112,,,,SUPP,SUPP,108,110,110,110,,,,SUPP,SUPP,107,109,109,114,,,,SUPP,SUPP,113,110,,,,SUPP,SUPP,,,,SUPP,SUPP,,,,SUPP,SUPP,,,,SUPP,SUPP,,,,SUPP,SUPP,,,,SUPP,SUPP,,,,SUPP,SUPP,,,,SUPP,SUPP,22,79%,0,0%,0,0%,7,25%,7,25%,22,18%,82%,82%,0%,SUPP,SUPP,SUPP,SUPP,,,,,,,,,,110,110,29,45%,55%,59%,7%,46%,0%,69%,13%,2.4,-0.3,5.2,0.9,-1.7,3.5,-0.4,-3.1,2.2,107,106,79,72%,4%,109,109
1,874,873,2118,110664,Arbury Primary School,Carlton Way,,Arbury Primary School,Cambridge,CB4 2DE,01223359568,E14001149,Cambridge,0,,,CY,0,Does not apply,5-11,0,0,381,60,58,26,32,45%,55%,,,,,,,,,,31,53%,27,47%,13,22%,55,95%,66%,3%,,,,,,,,,,,,,86%,36%,2%,108,83%,50%,2%,108,79%,34%,2%,107,71%,3%,22%,2%,86%,2%,58%,72%,,,,42%,93%,-27,69%,65%,4%,3%,,,,0%,7%,-11,0%,4%,,,,,,,,,,,,,,,,,,,,,,,,,,,,,,,,,,,,,,,,,,,,,,,,,,,,,,,,,,,,,,,,,,,,,,,,,,,,,,,,,,,,,107,108,,,,105,111,107,108,106,107,,,,102,111,108,107,108,108,,,,105,112,111,109,,,,81%,93%,,,,74%,93%,,,,65%,96%,,,,52%,93%,,,,19%,56%,,,,26%,78%,,,,6%,67%,,,,0%,7%,44,76%,1,2%,1,2%,10,17%,11,19%,58,36%,64%,67%,5%,52%,0%,76%,8%,,,,,,,,,,108,107,59,41%,59%,68%,3%,58%,0%,74%,6%,2.3,0.7,4.0,-0.7,-2.2,0.9,3.5,2.0,5.1,107,108,175,67%,4%,108,107
1,16588,873,2121,110666,Mayfield Primary School,Warwick Road,,,Cambridge,CB4 3HN,01223712127,E14001149,Cambridge,0,,,CY,0,Does not apply,4-11,0,0,400,61,59,28,31,47%,53%,,,,,,,,,,12,20%,47,80%,22,37%,57,97%,58%,22%,,,,,,,,,,,,,85%,46%,0%,109,90%,51%,0%,110,90%,37%,0%,108,58%,27%,42%,0%,95%,0%,43%,71%,,,,25%,66%,-44,59%,60%,21%,23%,,,,17%,23%,6,27%,23%,,,,,,,,,,,,,,,,,,,,,,,,,,,,,,,,,,,,,,,,,,,,,,,,,,,,,,,,,,,,,,,,,,,,,,,,,,,,,,,,,,,,,108,110,,,,108,109,108,109,108,109,,,,107,109,109,109,110,111,,,,108,111,111,111,,,,67%,89%,,,,75%,94%,,,,75%,94%,,,,25%,66%,,,,33%,49%,,,,17%,60%,,,,25%,40%,,,,17%,30%,37,63%,0,0%,7,12%,7,12%,14,24%,60,18%,82%,60%,13%,36%,9%,65%,14%,,,,,,,,,,108,107,60,18%,82%,63%,12%,36%,18%,69%,10%,2.4,0.7,4.2,-1.5,-3.1,0.2,1.5,-0.1,3.2,109,107,179,60%,16%,109,108
1,15390,873,2204,143576,Linton Heights Junior School,Wheatsheaf Way,Linton,,Cambridge,CB21 4XB,01223892210,E14001481,South Cambridgeshire,0,,,ACC,0,Does not apply,7-11,0,0,233,58,58,30,28,52%,48%,,,,,,,,,,8,14%,50,86%,7,12%,51,88%,71%,9%,,,,,,,,,,,,,84%,34%,0%,106,81%,33%,0%,106,83%,26%,0%,105,81%,14%,9%,2%,91%,2%,77%,64%,,,,38%,76%,-31,57%,75%,10%,7%,,,,0%,10%,-11,0%,10%,,,,,,,,,,,,,,,,,,,,,,,,,,,,,,,,,,,,,,,,,,,,,,,,,,,,,,,,,,,,,,,,,,,,,,,,,,,,,,,,,,,,,106,106,,,,102,107,103,107,108,103,,,,100,106,105,106,107,105,,,,102,107,105,106,,,,88%,84%,,,,75%,82%,,,,50%,88%,,,,75%,82%,,,,0%,40%,,,,0%,38%,,,,0%,30%,,,,0%,16%,51,88%,0,0%,0,0%,9,16%,9,16%,62,13%,87%,68%,18%,25%,0%,74%,20%,,,,,,,,,,107,105,63,22%,78%,65%,13%,21%,0%,78%,16%,2.5,0.9,4.1,1.0,-0.5,2.6,1.0,-0.5,2.5,107,105,183,68%,13%,107,105
1,21056,873,2218,143777,Ramsey Junior School,Station Road,Ramsey,,Huntingdon,PE26 1JA,01487812500,E14001401,North West Cambridgeshire,0,,,ACC,0,Does not apply,7-11,0,0,281,71,70,33,37,47%,53%,,,,,,,,,,32,46%,38,54%,9,13%,63,90%,53%,4%,,,,,,,,,,,,,63%,26%,1%,103,51%,14%,1%,101,59%,13%,1%,101,69%,9%,19%,0%,81%,0%,55%,51%,,,,34%,68%,-35,78%,56%,3%,5%,,,,0%,8%,-11,22%,5%,,,,,,,,,,,,,,,,,,,,,,,,,,,,,,,,,,,,,,,,,,,,,,,,,,,,,,,,,,,,,,,,,,,,,,,,,,,,,,,,,,,,,104,102,,,,99,106,107,104,102,99,,,,97,104,104,102,100,101,,,,97,104,106,101,,,,47%,76%,,,,34%,66%,,,,41%,74%,,,,50%,84%,,,,9%,39%,,,,3%,24%,,,,3%,21%,,,,0%,16%,60,86%,1,1%,4,6%,13,19%,17,24%,69,39%,61%,58%,4%,56%,0%,60%,7%,,,,,,,,,,104,102,56,38%,63%,68%,5%,52%,5%,77%,6%,2.2,0.5,3.9,0.1,-1.6,1.7,0.7,-0.9,2.3,106,103,195,59%,5%,104,102
1,28468,873,2222,148983,Spaldwick Primary School,Royston Avenue,Spaldwick,,Huntingdon,PE28 0TH,01480890371,E14001298,Huntingdon,0,,,ACC,0,Does not apply,4-11,0,0,95,11,11,5,6,45%,55%,,,,,,,,,,1,9%,10,91%,0,0%,10,91%,64%,0%,,,,,,,,,,,,,82%,45%,0%,107,82%,36%,0%,107,73%,9%,0%,104,73%,27%,27%,0%,100%,0%,SUPP,67%,,,,SUPP,SUPP,SUPP,,60%,SUPP,0%,,,,SUPP,SUPP,SUPP,,0%,,,,,,,,,,,,,,,,,,,,,,,,,,,,,,,,,,,,,,,,,,,,,,,,,,,,,,,,,,,,,,,,,,,,,,,,,,,,,,,,,,,,,SUPP,109,,,,SUPP,SUPP,,107,SUPP,104,,,,SUPP,SUPP,,104,SUPP,107,,,,SUPP,SUPP,,107,,,,SUPP,SUPP,,,,SUPP,SUPP,,,,SUPP,SUPP,,,,SUPP,SUPP,,,,SUPP,SUPP,,,,SUPP,SUPP,,,,SUPP,SUPP,,,,SUPP,SUPP,11,100%,0,0%,0,0%,2,18%,2,18%,16,19%,81%,50%,13%,SUPP,SUPP,SUPP,SUPP,,,,,,,,,,104,104,10,30%,70%,50%,10%,SUPP,SUPP,SUPP,SUPP,1.5,-2.4,5.4,2.3,-1.5,6.0,1.0,-2.7,4.7,104,102,37,54%,8%,105,103
1,9252,873,2321,110754,Fourfields Community Primary School,Bentley Avenue,Yaxley,,Peterborough,PE7 3ZT,01733703611,E14001401,North West Cambridgeshire,0,,,CY,0,Does not apply,5-11,0,0,449,60,60,32,28,53%,47%,,,,,,,,,,20,33%,40,67%,5,8%,57,95%,65%,8%,,,,,,,,,,,,,72%,32%,7%,106,70%,27%,7%,105,77%,37%,7%,107,70%,8%,15%,5%,80%,5%,66%,64%,,,,45%,75%,-24,SUPP,63%,9%,7%,,,,5%,10%,-6,SUPP,9%,,,,,,,,,,,,,,,,,,,,,,,,,,,,,,,,,,,,,,,,,,,,,,,,,,,,,,,,,,,,,,,,,,,,,,,,,,,,,,,,,,,,,106,105,,,,106,105,SUPP,105,108,105,,,,104,108,SUPP,107,105,105,,,,102,106,SUPP,105,,,,55%,80%,,,,50%,80%,,,,50%,90%,,,,45%,83%,,,,20%,38%,,,,20%,30%,,,,20%,45%,,,,5%,10%,55,92%,0,0%,5,8%,12,20%,17,28%,60,23%,77%,65%,20%,29%,0%,76%,26%,,,,,,,,,,105,106,60,30%,70%,52%,8%,33%,0%,60%,12%,-1.7,-3.3,0.0,1.0,-0.6,2.5,-0.2,-1.7,1.4,102,103,180,61%,12%,104,105
1,28500,873,2335,110765,The Spinney Primary School,Hayster Drive,Cherry Hinton,,Cambridge,CB1 9PB,01223568836,E14001481,South Cambridgeshire,0,,,CY,0,Does not apply,4-11,0,0,187,29,29,17,12,59%,41%,,,,,,,,,,4,14%,25,86%,15,52%,27,93%,69%,31%,,,,,,,,,,,,,79%,62%,3%,110,86%,62%,3%,112,79%,48%,3%,108,79%,34%,17%,0%,90%,0%,65%,75%,,,,SUPP,SUPP,SUPP,87%,74%,29%,33%,,,,SUPP,SUPP,SUPP,53%,33%,,,,,,,,,,,,,,,,,,,,,,,,,,,,,,,,,,,,,,,,,,,,,,,,,,,,,,,,,,,,,,,,,,,,,,,,,,,,,,,,,,,,,108,111,,,,SUPP,SUPP,111,110,108,108,,,,SUPP,SUPP,111,108,111,113,,,,SUPP,SUPP,114,112,,,,SUPP,SUPP,,,,SUPP,SUPP,,,,SUPP,SUPP,,,,SUPP,SUPP,,,,SUPP,SUPP,,,,SUPP,SUPP,,,,SUPP,SUPP,,,,SUPP,SUPP,14,48%,0,0%,3,10%,7,24%,10,34%,28,11%,89%,68%,21%,SUPP,SUPP,SUPP,SUPP,,,,,,,,,,107,108,30,3%,97%,83%,23%,SUPP,SUPP,SUPP,SUPP,5.5,3.2,7.8,2.9,0.7,5.1,3.2,1.0,5.4,112,108,87,74%,25%,109,108
1,8780,873,2336,110766,Fawcett Primary School,Alpha Terrace,Trumpington,,Cambridge,CB2 9FS,01223840299,E14001149,Cambridge,0,,,FD,0,Does not apply,3-11,0,0,398,57,53,29,24,55%,45%,,,,,,,,,,19,36%,34,64%,13,25%,48,91%,62%,6%,,,,,,,,,,,,,74%,47%,0%,106,66%,34%,0%,105,70%,40%,0%,105,70%,9%,8%,2%,79%,2%,59%,67%,,,,32%,79%,-37,77%,63%,3%,8%,,,,0%,9%,-11,0%,6%,,,,,,,,,,,,,,,,,,,,,,,,,,,,,,,,,,,,,,,,,,,,,,,,,,,,,,,,,,,,,,,,,,,,,,,,,,,,,,,,,,,,,105,107,,,,99,110,108,106,105,104,,,,98,108,108,105,105,106,,,,100,108,107,105,,,,47%,88%,,,,42%,79%,,,,37%,88%,,,,42%,85%,,,,21%,62%,,,,21%,41%,,,,21%,50%,,,,5%,12%,40,75%,0,0%,1,2%,12,23%,13,25%,56,34%,66%,55%,7%,42%,0%,62%,11%,,,,,,,,,,103,103,55,36%,64%,64%,5%,50%,0%,71%,9%,1.0,-0.7,2.7,1.2,-0.4,2.9,2.3,0.7,4.0,104,105,164,60%,6%,104,104
1,21448,873,2453,133311,Ridgefield Primary School,Radegund Road,,,Cambridge,CB1 3RL,01223712418,E14001149,Cambridge,0,,,FD,0,None,4-11,0,0,226,29,30,16,14,53%,47%,,,,,,,,,,11,37%,19,63%,7,23%,27,90%,80%,23%,,,,,,,,,,,,,80%,50%,0%,107,83%,53%,0%,109,87%,43%,0%,109,83%,23%,13%,3%,87%,3%,75%,86%,,,,64%,89%,-5,86%,78%,19%,29%,,,,0%,37%,-11,14%,26%,,,,,,,,,,,,,,,,,,,,,,,,,,,,,,,,,,,,,,,,,,,,,,,,,,,,,,,,,,,,,,,,,,,,,,,,,,,,,,,,,,,,,106,108,,,,107,108,108,108,110,107,,,,105,111,110,109,109,109,,,,107,110,111,109,,,,64%,89%,,,,73%,89%,,,,73%,95%,,,,73%,89%,,,,55%,47%,,,,55%,53%,,,,18%,58%,,,,0%,37%,23,77%,0,0%,2,7%,5,17%,7,23%,30,43%,57%,80%,10%,69%,0%,88%,18%,,,,,,,,,,107,109,31,23%,77%,81%,16%,71%,14%,83%,17%,1.8,-0.5,4.1,1.6,-0.6,3.8,5.5,3.3,7.6,107,110,91,80%,16%,107,109
1,10334,873,3068,110815,Great Paxton CofE Primary School,Mount Pleasant,Great Paxton,,St Neots,PE19 6YJ,01480472132,E14001512,St Neots and Mid Cambridgeshire,0,,,VC,0,Church of England,4-11,0,0,88,17,17,10,7,59%,41%,,,,,,,,,,1,6%,16,94%,2,12%,16,94%,65%,6%,,,,,,,,,,,,,76%,35%,0%,105,65%,47%,0%,106,82%,29%,0%,107,65%,12%,24%,0%,94%,0%,60%,71%,,,,SUPP,SUPP,SUPP,SUPP,63%,10%,0%,,,,SUPP,SUPP,SUPP,SUPP,6%,,,,,,,,,,,,,,,,,,,,,,,,,,,,,,,,,,,,,,,,,,,,,,,,,,,,,,,,,,,,,,,,,,,,,,,,,,,,,,,,,,,,,103,108,,,,SUPP,SUPP,SUPP,105,109,103,,,,SUPP,SUPP,SUPP,107,105,107,,,,SUPP,SUPP,SUPP,106,,,,SUPP,SUPP,,,,SUPP,SUPP,,,,SUPP,SUPP,,,,SUPP,SUPP,,,,SUPP,SUPP,,,,SUPP,SUPP,,,,SUPP,SUPP,,,,SUPP,SUPP,15,88%,0,0%,0,0%,2,12%,2,12%,15,13%,87%,53%,0%,SUPP,SUPP,SUPP,SUPP,,,,,,,,,,102,101,17,24%,76%,59%,0%,SUPP,SUPP,SUPP,SUPP,2.0,-1.0,5.0,-0.4,-3.3,2.4,-1.5,-4.3,1.3,106,102,49,59%,2%,105,103
1,8290,873,3368,110847,The Elton CofE Primary School of the Foundation of Frances and Jane Proby,School Lane,Elton,,Peterborough,PE8 6RS,01832280314,E14001401,North West Cambridgeshire,0,,,VA,0,Church of England,5-11,0,0,135,21,21,12,9,57%,43%,,,,,,,,,,2,10%,19,90%,0,0%,20,95%,81%,5%,,,,,,,,,,,,,90%,48%,5%,110,81%,52%,5%,110,90%,52%,5%,110,86%,5%,10%,5%,95%,5%,75%,89%,,,,SUPP,SUPP,SUPP,,80%,8%,0%,,,,SUPP,SUPP,SUPP,,5%,,,,,,,,,,,,,,,,,,,,,,,,,,,,,,,,,,,,,,,,,,,,,,,,,,,,,,,,,,,,,,,,,,,,,,,,,,,,,,,,,,,,,113,107,,,,SUPP,SUPP,,110,112,108,,,,SUPP,SUPP,,110,111,108,,,,SUPP,SUPP,,110,,,,SUPP,SUPP,,,,SUPP,SUPP,,,,SUPP,SUPP,,,,SUPP,SUPP,,,,SUPP,SUPP,,,,SUPP,SUPP,,,,SUPP,SUPP,,,,SUPP,SUPP,21,100%,0,0%,2,10%,2,10%,4,19%,20,0%,100%,70%,5%,,,SUPP,SUPP,,,,,,,,,,108,106,20,35%,65%,75%,10%,57%,0%,85%,15%,1.6,-1.2,4.5,-0.4,-3.1,2.4,-0.8,-3.5,1.8,109,105,61,75%,7%,109,107
1,17152,873,3386,133930,Milton Road Primary School,Ascham Road,,,Cambridge,CB4 2BD,01223712333,E14001149,Cambridge,0,,,CY,0,Does not apply,5-11,0,0,411,61,61,28,33,46%,54%,,,,,,,,,,8,13%,53,87%,27,44%,59,97%,74%,16%,,,,,,,,,,,,,92%,70%,0%,112,90%,48%,0%,109,92%,62%,0%,110,75%,20%,18%,0%,98%,0%,75%,73%,,,,13%,83%,-56,74%,75%,14%,18%,,,,0%,19%,-11,19%,17%,,,,,,,,,,,,,,,,,,,,,,,,,,,,,,,,,,,,,,,,,,,,,,,,,,,,,,,,,,,,,,,,,,,,,,,,,,,,,,,,,,,,,112,111,,,,103,113,112,112,111,109,,,,104,111,111,110,108,110,,,,100,111,111,109,,,,50%,98%,,,,50%,96%,,,,50%,98%,,,,25%,83%,,,,25%,77%,,,,0%,55%,,,,13%,70%,,,,0%,23%,34,56%,0,0%,1,2%,4,7%,5,8%,60,13%,87%,75%,15%,25%,0%,83%,17%,,,,,,,,,,108,106,58,10%,90%,76%,22%,17%,0%,83%,25%,2.0,0.3,3.7,0.4,-1.2,2.1,0.7,-1.0,2.3,110,108,179,75%,18%,110,108
3,,873,,,Cambridgeshire,,,,,,,,,,,,,,,,,,50973,7588,7473,3782,3691,51%,49%,,,,,,,,,,2050,27%,5423,73%,1366,18%,6827,91%,59%,7%,,,,,,,,,,,,,75%,35%,1%,106,71%,28%,1%,105,72%,26%,1%,105,68%,10%,22%,0%,80%,1%,56%,62%,,,,39%,67%,-30,65%,60%,6%,9%,,,,1%,9%,-10,8%,7%,,,,,,,,,,,,,,,,,,,,,,,,,,,,,,,,,,,,,,,,,,,,,,,,,,,,,,,,,,,,,,,,,,,,,,,,,,,,,,,,,,,,,105,106,,,,102,107,106,106,105,104,,,,101,106,106,105,104,106,,,,101,106,107,105,,,,58%,81%,,,,53%,77%,,,,54%,79%,,,,50%,75%,,,,18%,42%,,,,12%,34%,,,,10%,32%,,,,2%,13%,6070,81%,37,0%,473,6%,1294,17%,1767,24%,7538,26%,74%,58%,7%,39%,2%,64%,9%,,,,,,,,,,106,104,7741,27%,73%,58%,8%,38%,2%,65%,9%,0.6,0.5,0.8,-0.6,-0.8,-0.5,-0.1,-0.2,0.1,106,104,22752,58%,7%,106,104
4,,,,,,,,,,,,,,,,,,,,,,,4652541,657060,655415,335050,320365,51%,49%,,,,,,,,,,208633,32%,446782,68%,152141,23%,595871,91%,62%,8%,,,,,,,,,,,,,75%,33%,1%,106,73%,30%,1%,105,74%,26%,1%,105,72%,13%,20%,0%,82%,0%,59%,66%,,,,47%,69%,,64%,64%,7%,9%,,,,4%,11%,,9%,9%,,,,,,,,,,,,,,,,,,,,,,,,,,,,,,,,,,,,,,,,,,,,,,,,,,,,,,,,,,,,,,,,,,,,,,,,,,,,,,,,,,,,,105,106,,,,103,107,105,106,105,104,,,,102,106,106,105,105,106,,,,103,107,106,106,,,,63%,81%,,,,60%,79%,,,,60%,80%,,,,59%,78%,,,,21%,39%,,,,19%,35%,,,,15%,32%,,,,7%,16%,498154,76%,5120,1%,38320,6%,109749,17%,148069,23%,665887,31%,69%,61%,8%,45%,3%,67%,10%,,,,,,,,,,105,104,676102,30%,70%,60%,8%,44%,3%,66%,10%,,,,,,,,,,105,104,1997404,61%,8%,105,104
5,,,,,,,,,,,,,,,,,,,,,,,4611930,653813,652648,333490,319158,51%,49%,,,,,,,,,,208051,32%,444597,68%,152083,23%,595531,91%,62%,8%,,,,,,,,,,,,,75%,33%,1%,106,73%,30%,1%,105,74%,26%,1%,105,72%,13%,20%,0%,82%,0%,59%,66%,,,,47%,69%,,64%,64%,7%,9%,,,,4%,11%,,9%,9%,,,,,,,,,,,,,,,,,,,,,,,,,,,,,,,,,,,,,,,,,,,,,,,,,,,,,,,,,,,,,,,,,,,,,,,,,,,,,,,,,,,,,105,106,,,,103,107,105,106,105,104,,,,102,106,106,105,105,106,,,,103,107,106,106,,,,63%,81%,,,,60%,79%,,,,61%,81%,,,,59%,78%,,,,21%,39%,,,,19%,35%,,,,15%,32%,,,,7%,16%,497463,76%,3102,0%,37619,6%,109541,17%,147160,23%,662983,31%,69%,61%,8%,46%,3%,67%,10%,,,,,,,,,,105,104,673070,30%,70%,60%,8%,44%,3%,66%,10%,,,,,,,,,,105,104,1988701,61%,8%,105,104